order_id,customer_id,product_id,order_date,order_quantity,order_final_amount,order_status,order_approval_date,order_delivery_date
11700n,56484j,11284c,7/26/2023,929,2998.45,delivered,8/1/2023,8/23/2023
68396m,21639r,63922g,2/8/2024,885,8705.3,pending,2/15/2024,2/20/2024
19929u,64571s,27449d,10/17/2023,93,2661.85,shipped,10/18/2023,11/9/2023
49951x,27342j,59934q,2/22/2024,621,7504.17,shipped,3/2/2024,3/4/2024
82273s,16411f,15072j,1/23/2024,689,5912.85,delivered,1/27/2024,2/12/2024
88968t,69951n,25056v,12/27/2023,995,1545.14,pending,1/2/2024,1/12/2024
32837z,80989v,07531r,7/9/2023,107,9213.43,pending,7/9/2023,7/30/2023
43923f,84366w,41514i,8/4/2023,202,9214.91,processing,8/7/2023,8/17/2023
87121r,17305f,64715g,5/6/2023,898,6012.82,shipped,5/11/2023,5/29/2023
92485k,50935v,18573y,6/11/2023,660,6264.11,shipped,6/11/2023,6/22/2023
68868y,10856z,85675i,11/29/2023,759,9310.82,shipped,12/4/2023,12/24/2023
42278k,08826k,49828q,1/5/2024,101,2351.16,delivered,1/9/2024,1/19/2024
47591s,17246z,39493h,3/1/2023,18,2392.97,pending,3/11/2023,3/15/2023
80861w,46949a,86038e,10/30/2023,980,1725.74,shipped,10/30/2023,11/12/2023
56163q,48193x,27771p,11/17/2023,495,4775.58,shipped,11/20/2023,11/27/2023
82843f,02405j,98347h,7/14/2023,246,8469.29,pending,7/14/2023,7/24/2023
23553p,33306o,77877a,6/13/2023,567,1316.37,pending,6/15/2023,7/8/2023
01084r,08763a,14921t,9/30/2023,965,1050.71,delivered,10/4/2023,10/28/2023
30084x,33345e,98503e,1/26/2024,80,7576.04,processing,1/30/2024,2/19/2024
46482w,05272w,03423p,3/17/2023,566,6239.9,delivered,3/23/2023,4/2/2023
23901m,31811a,59106x,8/27/2023,858,9562.66,shipped,9/5/2023,9/12/2023
18007b,13379p,94921w,1/4/2024,170,7769.91,shipped,1/5/2024,1/14/2024
99388m,48159r,54775m,5/11/2023,737,3535.37,pending,5/17/2023,5/27/2023
08152x,35425p,31984p,10/12/2023,803,4718.54,delivered,10/16/2023,10/29/2023
31647d,98040g,84118z,8/31/2023,744,2194.44,shipped,9/1/2023,9/23/2023
81393r,88474m,83996l,6/13/2023,788,9574.93,shipped,6/19/2023,7/13/2023
97166y,30316v,74559m,3/10/2023,387,3149.68,pending,3/11/2023,3/20/2023
97039d,46170e,76419y,11/26/2023,240,5604.98,shipped,11/27/2023,12/26/2023
55293b,21130x,97158s,7/25/2023,382,5385.52,pending,7/25/2023,8/14/2023
06258b,68625v,76842f,8/25/2023,306,7615.37,processing,8/29/2023,9/15/2023
78553f,01178w,43031f,7/20/2023,749,6415.91,delivered,7/22/2023,8/19/2023
25461y,19515q,60031x,12/15/2023,404,301.88,shipped,12/18/2023,1/14/2024
02964g,97975f,88109p,5/1/2023,213,5648.91,shipped,5/5/2023,5/18/2023
86204v,08480i,40284x,3/3/2023,585,3027.75,processing,3/13/2023,4/1/2023
79893m,88516s,54950a,11/29/2023,577,7984.84,delivered,12/7/2023,12/16/2023
97940u,96537x,83450e,6/20/2023,619,2826.03,pending,6/24/2023,7/5/2023
03266i,53067d,01862u,9/20/2023,57,5644.1,delivered,9/26/2023,10/8/2023
72720w,20098s,48228i,11/30/2023,411,1568.98,pending,12/6/2023,12/26/2023
51131r,07942b,45284w,2/26/2023,765,1822.0,processing,3/2/2023,3/19/2023
55200l,71169d,20410w,4/27/2023,38,3610.09,processing,4/29/2023,5/14/2023
05479v,50316u,89368n,10/30/2023,471,6751.21,delivered,11/4/2023,11/15/2023
17644h,72465g,35614f,12/8/2023,984,7281.21,pending,12/18/2023,12/26/2023
84855v,74710f,14622z,11/21/2023,560,252.97,delivered,11/22/2023,12/6/2023
41423j,55009l,99436d,12/17/2023,765,6777.3,processing,12/20/2023,1/12/2024
90103s,44177v,97910w,7/14/2023,576,4518.01,processing,7/23/2023,8/2/2023
48522p,12167r,72659p,5/12/2023,428,8647.96,pending,5/14/2023,6/2/2023
72740g,90447i,24681t,5/20/2023,259,1792.82,pending,5/28/2023,5/31/2023
84336s,27044i,29261e,10/20/2023,189,5934.24,shipped,10/23/2023,11/1/2023
90780w,34184c,04679c,3/14/2023,858,4518.44,delivered,3/19/2023,4/11/2023
30761q,23752p,54044o,11/23/2023,33,3486.02,shipped,11/23/2023,12/15/2023
16518u,71035f,43161j,1/14/2024,660,1927.06,processing,1/16/2024,2/9/2024
08021z,86523g,37549p,3/19/2023,303,340.8,processing,3/22/2023,4/6/2023
61955t,25922x,21170s,10/6/2023,661,9961.28,shipped,10/13/2023,10/26/2023
48641s,31168w,87814b,10/1/2023,934,4979.23,shipped,10/7/2023,10/26/2023
65757y,90422w,22485h,11/19/2023,354,5618.71,shipped,11/23/2023,11/30/2023
29990w,26945k,51497c,7/19/2023,324,1266.01,processing,7/23/2023,8/17/2023
16434a,03777s,95769f,7/1/2023,343,6851.56,delivered,7/3/2023,7/25/2023
23934g,43078k,84816j,1/3/2024,451,4488.72,shipped,1/6/2024,1/16/2024
30212s,34230a,17533y,12/31/2023,153,3264.8,delivered,1/4/2024,1/13/2024
59583b,11355g,84554y,10/31/2023,937,4650.26,processing,11/4/2023,11/18/2023
44528h,70977t,85782b,7/29/2023,145,5889.85,delivered,8/8/2023,8/17/2023
51466b,35095s,33968x,1/4/2024,452,9718.94,delivered,1/8/2024,1/24/2024
15192e,99647t,26312w,10/31/2023,580,9139.73,processing,11/1/2023,11/23/2023
48944p,06635l,56747i,8/24/2023,887,7828.77,processing,8/30/2023,9/16/2023
26379g,19079b,07266i,6/7/2023,689,2119.32,processing,6/11/2023,7/3/2023
16772g,08679d,81365k,7/22/2023,608,1097.69,pending,8/1/2023,8/8/2023
61023d,68953r,85728t,9/24/2023,770,8603.22,pending,9/27/2023,10/21/2023
11547x,17134f,72749b,5/24/2023,352,9233.56,pending,5/31/2023,6/22/2023
27610t,14558s,11051y,1/17/2024,507,4022.36,delivered,1/17/2024,2/12/2024
95735u,89592s,54606v,1/26/2024,959,4300.21,pending,1/26/2024,2/16/2024
33097p,59780j,26366i,8/9/2023,482,1511.95,shipped,8/14/2023,9/2/2023
12888v,58927h,97345q,12/1/2023,492,1183.4,pending,12/1/2023,12/31/2023
79250j,31863q,57892g,12/9/2023,20,2580.72,pending,12/19/2023,1/5/2024
28109y,79618f,43593d,7/30/2023,893,7387.0,pending,8/1/2023,8/10/2023
08247p,80100z,54772n,8/8/2023,43,9563.3,processing,8/13/2023,9/4/2023
01922q,25337y,54041k,1/7/2024,743,1208.56,pending,1/10/2024,1/21/2024
91941f,94561u,01543u,11/22/2023,417,471.14,processing,11/29/2023,12/13/2023
77200p,34963l,96210u,8/6/2023,73,7432.54,pending,8/12/2023,9/2/2023
14347g,92508o,70255i,12/19/2023,792,9288.53,delivered,12/22/2023,1/1/2024
35681v,05092x,33652u,5/23/2023,788,4526.15,shipped,5/24/2023,6/15/2023
82220n,71484z,22019v,3/2/2023,219,5621.85,processing,3/11/2023,3/28/2023
86496p,42887d,76801f,11/29/2023,348,9396.09,delivered,11/29/2023,12/9/2023
91632m,16238e,16509x,1/23/2024,405,2444.08,processing,1/24/2024,2/6/2024
23660z,89251t,56716q,4/30/2023,466,5697.13,processing,5/6/2023,5/22/2023
46899m,36489o,24823r,6/27/2023,708,4228.76,pending,7/4/2023,7/9/2023
01828v,24191a,93992q,11/10/2023,129,2475.37,shipped,11/20/2023,12/8/2023
86182k,02126o,90188q,4/9/2023,684,5354.27,delivered,4/10/2023,4/26/2023
05367w,01810a,42931y,6/26/2023,834,2917.97,shipped,6/28/2023,7/15/2023
29361s,77860h,44854y,4/18/2023,998,9394.07,delivered,4/18/2023,4/29/2023
92267b,10590h,06074q,12/4/2023,528,858.66,processing,12/9/2023,12/30/2023
13953g,00294z,44272a,8/17/2023,969,714.64,delivered,8/17/2023,9/3/2023
48719z,76608l,70816n,11/30/2023,464,798.19,processing,12/10/2023,12/30/2023
02419z,23239s,35709k,6/27/2023,102,4620.24,delivered,7/4/2023,7/20/2023
13272s,80777h,19858r,1/23/2024,821,2304.42,processing,1/29/2024,2/3/2024
90942o,10375v,07260k,4/11/2023,999,6836.04,processing,4/14/2023,4/21/2023
82798u,44820w,07695d,8/25/2023,930,40.99,pending,8/30/2023,9/16/2023
51276b,45749s,83053d,10/28/2023,218,5045.39,shipped,10/30/2023,11/23/2023
89341x,35918e,65709g,2/12/2024,889,4476.58,shipped,2/21/2024,3/8/2024
93962r,87479y,81204c,7/26/2023,241,8636.2,processing,7/29/2023,8/6/2023
48325h,06611e,32323i,7/4/2023,860,5158.94,pending,7/10/2023,7/17/2023
16272j,36279v,64143d,3/29/2023,107,9700.33,delivered,4/1/2023,4/26/2023
95262j,13153h,72761f,12/16/2023,71,4594.11,processing,12/22/2023,1/6/2024
79256r,53107z,36386e,3/31/2023,698,7194.21,delivered,4/2/2023,4/21/2023
58622y,27654z,73754p,12/31/2023,230,4483.15,delivered,12/31/2023,1/13/2024
45408d,84940h,21226v,12/15/2023,98,7363.92,processing,12/18/2023,1/6/2024
42765v,53931x,96536g,12/13/2023,271,1432.51,shipped,12/14/2023,1/6/2024
17982t,62579k,17502l,1/25/2024,325,9047.97,processing,2/2/2024,2/5/2024
53167r,38619o,19267x,8/1/2023,682,5977.99,delivered,8/10/2023,8/11/2023
11613v,98926r,24109i,1/10/2024,611,455.52,shipped,1/13/2024,1/25/2024
14748l,65476u,57236n,2/18/2024,478,2167.85,shipped,2/22/2024,3/19/2024
28789g,65986q,84902p,4/14/2023,120,6810.83,delivered,4/16/2023,5/9/2023
94034t,67643b,46126l,10/13/2023,5,6435.06,delivered,10/16/2023,10/26/2023
03860c,96523s,69335e,6/10/2023,628,9212.43,shipped,6/19/2023,6/23/2023
51338t,70321c,46682h,8/15/2023,569,3064.56,processing,8/15/2023,9/10/2023
83317s,89431d,20822m,4/2/2023,405,7506.93,delivered,4/4/2023,4/28/2023
07732l,00965h,23832d,11/11/2023,84,6481.91,processing,11/12/2023,11/26/2023
36687w,79168r,34830v,2/22/2024,99,6121.83,processing,3/3/2024,3/21/2024
24473p,76559n,53963l,8/14/2023,933,300.35,delivered,8/16/2023,8/31/2023
15010t,58643x,85339j,12/11/2023,90,9529.43,processing,12/17/2023,12/26/2023
01591s,00913j,23819x,5/18/2023,629,1543.33,delivered,5/20/2023,6/12/2023
67790s,82901e,63408s,3/12/2023,319,5386.26,processing,3/18/2023,4/6/2023
12399q,45475i,05838x,4/4/2023,524,9676.87,shipped,4/6/2023,4/26/2023
30459n,68775h,20641l,12/23/2023,62,2094.18,processing,12/30/2023,1/19/2024
77904t,83852u,48343i,7/1/2023,324,7315.53,delivered,7/8/2023,7/15/2023
11340a,62216h,99711u,10/3/2023,434,755.09,delivered,10/8/2023,10/14/2023
76650a,14302g,44315k,10/5/2023,803,4147.89,pending,10/10/2023,10/30/2023
82453r,35827a,78903l,1/8/2024,822,8477.24,pending,1/18/2024,1/18/2024
12539l,54360p,70676n,12/12/2023,281,9868.94,delivered,12/18/2023,1/3/2024
40313c,12557o,01096u,12/1/2023,308,5632.17,processing,12/8/2023,12/14/2023
48950w,69698x,58428h,10/3/2023,336,6107.56,shipped,10/5/2023,10/23/2023
21434t,92794j,45188v,3/29/2023,380,8994.87,processing,3/31/2023,4/9/2023
90513w,04586n,56251o,3/22/2023,108,7426.15,pending,4/1/2023,4/19/2023
11710z,07688a,30529u,9/15/2023,368,6548.77,pending,9/24/2023,10/7/2023
96512k,38665z,45553j,12/25/2023,540,5039.65,shipped,1/2/2024,1/6/2024
40083u,35762t,21478j,6/26/2023,289,7524.66,pending,6/26/2023,7/18/2023
43397v,95747q,59749o,2/3/2024,210,2921.41,delivered,2/5/2024,3/4/2024
42545p,57943j,56170b,8/29/2023,352,2183.42,pending,9/3/2023,9/16/2023
08153l,39869n,62487o,11/22/2023,823,251.88,processing,12/2/2023,12/6/2023
48837x,67257d,68636s,8/17/2023,296,2618.15,processing,8/18/2023,9/3/2023
00949u,99844q,17410g,3/6/2023,426,3998.41,pending,3/10/2023,3/22/2023
92296y,72783t,98240i,11/23/2023,256,9041.47,processing,11/27/2023,12/17/2023
62816a,21441p,65388g,1/27/2024,133,6921.63,pending,1/29/2024,2/13/2024
73980t,04454o,40393g,12/10/2023,765,2901.68,processing,12/11/2023,12/23/2023
51574l,16447s,45499b,9/23/2023,975,4368.51,pending,10/1/2023,10/11/2023
75985m,41646e,93038k,3/16/2023,318,1690.99,pending,3/18/2023,4/9/2023
46340h,87329q,06876o,7/26/2023,344,9486.03,shipped,8/1/2023,8/23/2023
78427i,16493m,24152i,7/12/2023,154,5913.92,pending,7/14/2023,8/6/2023
03765e,97922e,86268f,2/19/2024,965,3128.95,pending,2/23/2024,3/6/2024
49404c,81644u,53542y,2/4/2024,351,5918.41,shipped,2/6/2024,2/25/2024
12403s,64886n,85068s,2/20/2024,143,1902.3,shipped,2/29/2024,3/17/2024
83063p,62177h,77204k,12/28/2023,988,8984.42,delivered,1/7/2024,1/15/2024
48235s,75504h,40812i,5/15/2023,272,9240.41,pending,5/25/2023,6/3/2023
60039i,34758r,95711d,1/31/2024,487,4063.44,shipped,2/6/2024,2/29/2024
30307n,37280m,36960f,11/23/2023,86,4409.48,processing,11/29/2023,12/17/2023
04445f,20100l,30055r,11/27/2023,127,702.87,shipped,12/4/2023,12/14/2023
45532a,55499s,32612f,3/31/2023,753,1199.54,delivered,4/7/2023,4/21/2023
98930a,30598k,86524u,9/26/2023,652,5566.88,pending,10/4/2023,10/16/2023
18580z,87202x,39232r,8/6/2023,962,5446.93,shipped,8/8/2023,9/1/2023
59184c,02274x,59472q,1/8/2024,328,4845.72,delivered,1/10/2024,2/7/2024
90509y,99000h,62551y,10/21/2023,959,794.12,delivered,10/26/2023,11/14/2023
18009o,70222f,10322n,9/29/2023,899,9029.02,delivered,10/8/2023,10/19/2023
79757o,76332z,96588l,11/12/2023,596,2250.83,delivered,11/18/2023,12/12/2023
64640v,71714e,52895q,4/30/2023,955,3431.35,shipped,5/3/2023,5/25/2023
32500k,85236c,07865k,12/16/2023,416,4393.07,shipped,12/25/2023,1/11/2024
29265w,79507w,85788a,8/4/2023,662,3693.98,delivered,8/11/2023,8/24/2023
03536v,64233c,37013o,8/23/2023,473,7555.56,pending,8/29/2023,9/20/2023
03972k,09582v,47065o,8/21/2023,891,4733.34,shipped,8/26/2023,9/13/2023
76271k,67097b,28148v,5/8/2023,757,2495.98,pending,5/10/2023,5/18/2023
41496r,06676n,11437g,7/11/2023,966,9431.49,shipped,7/21/2023,7/30/2023
66375m,98147n,41493s,11/19/2023,20,5248.33,processing,11/20/2023,12/14/2023
72966m,07510a,95993p,1/27/2024,396,3723.44,shipped,2/5/2024,2/7/2024
88324m,87059x,87966w,10/2/2023,754,139.87,shipped,10/12/2023,11/1/2023
84079k,17095y,96427s,3/31/2023,371,4970.76,delivered,4/1/2023,4/12/2023
18493x,42985p,24526i,5/20/2023,138,2342.83,pending,5/24/2023,6/18/2023
58258f,21696c,46887u,3/9/2023,189,5731.67,delivered,3/12/2023,3/25/2023
09165t,70994y,79450b,12/22/2023,165,8925.71,pending,1/1/2024,1/18/2024
23262r,50821b,14410g,7/15/2023,131,8008.09,pending,7/25/2023,8/13/2023
49455d,76378h,10452m,8/25/2023,935,6647.71,shipped,8/27/2023,9/11/2023
47006m,84886u,39453a,10/6/2023,32,2221.09,shipped,10/14/2023,10/29/2023
14329n,20202z,74755m,11/12/2023,15,9229.03,processing,11/12/2023,12/6/2023
95208m,94179q,83599s,11/12/2023,568,14.83,shipped,11/16/2023,12/3/2023
86375s,06814f,34952e,1/24/2024,811,9694.36,shipped,2/3/2024,2/13/2024
48721h,95886q,53206g,10/14/2023,86,626.38,delivered,10/15/2023,11/3/2023
45918f,41089f,79080l,8/6/2023,339,4514.19,shipped,8/15/2023,8/16/2023
35554f,48910s,23160o,12/26/2023,107,5828.44,pending,12/31/2023,1/8/2024
57520p,40023m,80059u,10/24/2023,247,6850.99,processing,10/29/2023,11/6/2023
43243y,24089h,95859f,9/5/2023,934,9327.66,delivered,9/15/2023,10/3/2023
26733s,70385c,68843m,1/20/2024,379,477.81,pending,1/28/2024,2/4/2024
06503l,95727o,06429k,11/10/2023,129,6512.72,delivered,11/14/2023,11/20/2023
02822q,31172m,67313s,5/21/2023,532,7222.32,pending,5/22/2023,6/17/2023
01878z,35711l,88284o,6/21/2023,868,2563.38,processing,6/28/2023,7/17/2023
07340l,55293e,80123l,2/3/2024,313,1366.92,pending,2/5/2024,2/15/2024
06243o,38680g,94080f,12/31/2023,539,1778.59,shipped,12/31/2023,1/26/2024
93568t,82790u,72461d,11/19/2023,759,9877.09,shipped,11/19/2023,12/2/2023
26693g,28771r,18241w,11/15/2023,755,4731.39,pending,11/17/2023,12/7/2023
45454c,09614y,63881q,2/9/2024,702,4187.22,processing,2/9/2024,2/29/2024
86473i,91155m,77587h,5/12/2023,318,8354.91,pending,5/15/2023,5/26/2023
90261a,72170x,47339t,11/5/2023,64,9651.8,shipped,11/5/2023,11/19/2023
70483i,70074q,20539u,2/11/2024,589,2637.6,processing,2/15/2024,3/11/2024
35029o,44458z,65933r,11/10/2023,643,8856.61,pending,11/19/2023,11/27/2023
02217p,49070y,43252l,6/7/2023,384,2284.28,delivered,6/17/2023,6/28/2023
18679i,09722d,46598f,1/21/2024,118,2788.08,delivered,1/23/2024,2/18/2024
96275b,33262h,27968l,9/5/2023,264,9768.52,delivered,9/7/2023,10/4/2023
45451f,37768o,69284t,3/30/2023,21,30.46,pending,4/4/2023,4/15/2023
02504l,89231l,13323l,3/30/2023,984,9267.69,shipped,4/8/2023,4/25/2023
59849z,45757o,22352z,1/13/2024,971,5208.84,delivered,1/21/2024,2/10/2024
22088d,74594o,64519t,12/16/2023,247,1501.93,delivered,12/17/2023,1/2/2024
13002s,35739t,67328i,11/12/2023,891,1524.19,delivered,11/21/2023,12/11/2023
13448h,94992l,39383p,1/22/2024,431,9879.04,processing,1/26/2024,2/12/2024
50254k,54102s,11938p,12/12/2023,722,7040.49,processing,12/20/2023,12/26/2023
32301g,27491w,46813o,12/6/2023,935,4541.1,processing,12/15/2023,1/5/2024
55979c,83404n,93042t,3/30/2023,91,8403.04,pending,3/31/2023,4/18/2023
22155p,45004s,17837v,8/9/2023,880,7796.95,delivered,8/13/2023,8/24/2023
10758w,60372c,08728h,5/18/2023,510,4449.48,delivered,5/19/2023,6/11/2023
27524e,24979r,39670x,5/16/2023,779,9589.52,processing,5/18/2023,6/3/2023
86604i,82113q,92841l,8/25/2023,174,6767.16,processing,8/27/2023,9/6/2023
03142r,48246r,71214j,5/18/2023,697,6008.22,shipped,5/28/2023,5/29/2023
28861u,50186n,66576y,12/8/2023,225,7808.88,processing,12/15/2023,1/7/2024
08833b,56550q,77695a,2/4/2024,694,2510.25,shipped,2/7/2024,2/29/2024
77253i,22086y,60062b,12/10/2023,233,5178.57,pending,12/15/2023,12/20/2023
22917e,79063o,05681j,1/21/2024,387,1845.06,processing,1/30/2024,2/18/2024
98262d,07316k,47545r,3/31/2023,611,7388.72,pending,4/9/2023,4/30/2023
63474e,19646n,17857y,11/1/2023,186,2879.49,processing,11/10/2023,11/26/2023
86378n,61624t,16683d,5/28/2023,431,1090.76,processing,6/6/2023,6/20/2023
28321k,76478j,76109l,1/22/2024,185,1210.85,delivered,1/23/2024,2/13/2024
68164f,75505v,74297x,3/20/2023,991,9161.38,pending,3/21/2023,4/2/2023
97245p,65211a,39343f,11/10/2023,653,8315.06,delivered,11/20/2023,11/21/2023
62095r,80566u,69851d,11/21/2023,387,709.16,delivered,11/22/2023,12/16/2023
58721m,83700r,84717u,8/15/2023,18,573.0,processing,8/16/2023,8/25/2023
33694r,06584q,53199t,12/23/2023,434,3404.6,shipped,12/28/2023,1/9/2024
18917x,24510a,89359i,8/2/2023,446,8856.64,shipped,8/6/2023,9/1/2023
87178z,17776v,89048s,6/6/2023,163,8480.19,pending,6/9/2023,6/20/2023
26479m,27083h,08588w,10/12/2023,566,3037.39,pending,10/22/2023,11/7/2023
57122w,35362i,76431l,6/3/2023,6,9133.28,delivered,6/9/2023,6/21/2023
68826l,70323o,99073y,1/31/2024,781,9562.76,processing,2/2/2024,2/25/2024
72824i,82576r,39727x,9/15/2023,219,4827.93,processing,9/19/2023,9/28/2023
87774s,15907t,58360t,3/2/2023,128,1740.24,shipped,3/4/2023,3/23/2023
89325l,71262e,13612y,1/1/2024,983,1634.58,delivered,1/5/2024,1/28/2024
24926f,86008y,92713u,11/5/2023,140,5117.34,shipped,11/15/2023,11/19/2023
84571n,87069l,50648s,12/29/2023,140,413.17,delivered,12/31/2023,1/23/2024
69104c,80375l,18201s,1/16/2024,101,9968.89,processing,1/26/2024,2/8/2024
27881i,42961c,05652e,9/26/2023,872,329.94,processing,10/3/2023,10/26/2023
85541m,13226p,98838i,10/17/2023,721,5833.78,processing,10/19/2023,11/3/2023
42143g,90947v,52213u,6/2/2023,203,5057.42,processing,6/6/2023,6/13/2023
74349g,43302n,89945s,8/17/2023,67,3034.27,shipped,8/17/2023,9/4/2023
54929h,46491k,38488h,10/11/2023,59,8642.1,delivered,10/13/2023,11/3/2023
41697a,12683c,79091c,4/17/2023,931,2085.24,delivered,4/24/2023,5/2/2023
57543i,64072m,37627n,7/23/2023,180,1754.19,shipped,7/28/2023,8/7/2023
49803y,75441l,82721f,12/25/2023,464,6901.06,pending,12/25/2023,1/8/2024
27620p,55238r,52954d,11/21/2023,780,9614.34,shipped,11/26/2023,12/10/2023
41396y,85711f,39446k,1/7/2024,865,4423.49,pending,1/15/2024,2/6/2024
52863e,43037m,47932q,12/18/2023,945,6256.89,shipped,12/26/2023,1/1/2024
03158h,40616o,16954q,9/22/2023,212,7591.14,pending,9/29/2023,10/18/2023
73131q,34069p,98633r,7/26/2023,314,6366.32,shipped,8/2/2023,8/16/2023
65316i,59529r,88924c,9/28/2023,284,3035.38,processing,10/7/2023,10/18/2023
70754t,48197r,34155m,4/11/2023,841,9723.9,pending,4/12/2023,4/30/2023
62714b,31924z,11458f,3/14/2023,29,9497.13,delivered,3/23/2023,4/13/2023
95866y,97786j,06255x,8/2/2023,946,1554.55,pending,8/11/2023,8/29/2023
31013s,44699w,55850r,9/14/2023,432,2844.1,shipped,9/22/2023,9/25/2023
80235n,35110w,47286h,2/14/2024,914,2969.27,delivered,2/15/2024,3/9/2024
28416e,11012d,48676z,1/19/2024,434,4604.75,processing,1/20/2024,2/11/2024
57901g,55967p,70734l,6/18/2023,240,1026.11,processing,6/24/2023,7/15/2023
38972c,08115s,14062i,8/23/2023,564,1717.89,shipped,9/1/2023,9/22/2023
28134k,37701s,54033e,9/5/2023,322,39.65,pending,9/8/2023,9/18/2023
97105j,50416o,36949f,1/14/2024,386,2694.36,delivered,1/19/2024,1/28/2024
33013n,40667i,14051c,8/23/2023,146,9594.31,shipped,8/25/2023,9/10/2023
41802i,40289u,31734u,10/29/2023,673,2788.88,processing,11/1/2023,11/24/2023
83255f,98042c,68380t,11/29/2023,134,275.91,shipped,12/6/2023,12/19/2023
65892e,63736b,58629h,6/29/2023,419,919.55,shipped,6/30/2023,7/19/2023
36717o,10578k,41859j,3/12/2023,596,2779.32,delivered,3/20/2023,4/8/2023
79010u,09535w,68388w,8/13/2023,500,8605.33,shipped,8/23/2023,8/27/2023
73312z,87581r,60726c,10/30/2023,65,6222.32,delivered,11/5/2023,11/24/2023
82438q,87100d,45151z,9/7/2023,285,7075.18,shipped,9/9/2023,10/3/2023
13271g,70174y,28217d,9/23/2023,113,1116.43,processing,9/28/2023,10/12/2023
00191b,91946b,33845x,4/8/2023,866,7765.21,processing,4/15/2023,5/6/2023
60377b,53139o,46333g,8/26/2023,266,4269.67,processing,8/28/2023,9/16/2023
29520e,18382l,14747i,10/7/2023,100,3270.26,shipped,10/17/2023,10/18/2023
11447n,78799b,04607o,8/4/2023,860,4920.79,processing,8/12/2023,8/30/2023
12662q,33015v,08499w,3/9/2023,420,3564.67,shipped,3/9/2023,3/20/2023
56100u,23171b,23614v,8/22/2023,305,7909.72,processing,8/31/2023,9/20/2023
94157s,81479k,08551z,1/1/2024,207,4915.73,delivered,1/8/2024,1/19/2024
90888f,61092h,12170o,3/2/2023,151,371.59,shipped,3/2/2023,3/29/2023
84489i,54865f,33095j,9/4/2023,76,8938.46,pending,9/5/2023,10/4/2023
12383h,67045g,95083u,1/9/2024,588,6980.81,shipped,1/12/2024,1/24/2024
21538m,59656d,58440o,4/2/2023,296,7825.07,processing,4/10/2023,4/30/2023
65526t,21539t,95325s,8/6/2023,737,4791.3,pending,8/15/2023,8/30/2023
60887k,52820b,15065a,11/3/2023,391,2776.03,shipped,11/6/2023,11/20/2023
09548l,06868n,75599a,3/4/2023,981,7423.48,shipped,3/6/2023,3/25/2023
25670f,86461z,10937g,9/28/2023,295,8296.79,shipped,10/1/2023,10/20/2023
55041d,70712f,24199n,2/16/2024,977,8474.2,processing,2/21/2024,2/28/2024
43046g,73309l,65970b,1/31/2024,486,6787.72,pending,2/3/2024,2/16/2024
49083n,91352j,16963f,10/8/2023,941,3539.32,processing,10/15/2023,11/1/2023
34159x,46921c,86107e,2/28/2023,577,4749.39,pending,3/2/2023,3/25/2023
88799j,21935c,12672n,12/3/2023,91,8579.23,processing,12/9/2023,12/19/2023
97881s,59435e,45398v,6/2/2023,529,9177.67,shipped,6/8/2023,6/23/2023
66878l,63894n,01325e,12/1/2023,956,1349.69,delivered,12/8/2023,12/27/2023
29052v,96412p,47811s,10/3/2023,680,8736.41,delivered,10/13/2023,11/1/2023
70270i,97532g,00421f,9/30/2023,571,210.73,delivered,10/6/2023,10/18/2023
01382p,23128q,37267t,3/6/2023,602,7412.34,pending,3/6/2023,4/1/2023
42864l,18814z,00723p,4/25/2023,527,4779.85,delivered,4/27/2023,5/8/2023
32248e,39786t,74376h,9/13/2023,359,7373.35,pending,9/21/2023,10/1/2023
94005m,32619n,59420q,8/14/2023,648,9550.45,processing,8/21/2023,8/28/2023
06844g,68373i,61303v,6/30/2023,325,2102.17,delivered,7/8/2023,7/27/2023
75697k,52043u,55444b,3/12/2023,289,2083.69,processing,3/16/2023,3/22/2023
23436w,39623y,04708t,8/9/2023,975,5892.76,processing,8/11/2023,9/4/2023
88624s,48657s,17790m,3/28/2023,93,1298.43,processing,3/28/2023,4/27/2023
23534t,94865j,69244r,4/16/2023,610,7647.58,pending,4/25/2023,5/13/2023
81269h,83697b,25912c,4/20/2023,908,2905.59,delivered,4/24/2023,5/11/2023
54304y,85676d,08772w,8/14/2023,250,6954.04,pending,8/18/2023,8/29/2023
66553y,36823t,39946b,6/6/2023,285,8411.48,delivered,6/10/2023,7/3/2023
10080o,46475j,59095t,5/27/2023,874,8588.92,delivered,5/31/2023,6/16/2023
18715t,77753j,16085t,6/28/2023,447,2339.25,pending,7/3/2023,7/15/2023
42339z,63102u,31548s,9/12/2023,991,721.08,delivered,9/22/2023,10/2/2023
50693x,68966f,36253u,10/13/2023,60,8698.78,pending,10/20/2023,10/28/2023
33417k,47029y,91094q,12/12/2023,497,5574.6,pending,12/12/2023,1/10/2024
97437a,09800s,48710n,8/19/2023,249,1913.29,shipped,8/24/2023,8/29/2023
23641e,63246h,42023j,10/15/2023,984,113.45,pending,10/15/2023,11/5/2023
49164x,59962u,24777w,4/7/2023,225,937.03,processing,4/7/2023,4/18/2023
60618m,03934m,33444a,2/4/2024,964,9278.26,delivered,2/8/2024,2/19/2024
57911b,76851z,96422n,5/27/2023,480,1461.58,delivered,6/4/2023,6/7/2023
45734c,07085m,08813u,7/3/2023,753,2088.76,delivered,7/3/2023,7/20/2023
79917x,43977w,79028x,2/1/2024,600,8149.81,shipped,2/9/2024,2/16/2024
02087e,63641b,61243j,9/25/2023,495,7798.82,shipped,10/4/2023,10/20/2023
98700o,11587x,96785t,7/26/2023,124,2963.3,delivered,8/4/2023,8/22/2023
16212p,76220l,92690q,7/9/2023,651,5692.51,shipped,7/19/2023,7/28/2023
66828p,29509b,21876a,3/1/2023,809,1708.0,pending,3/3/2023,3/20/2023
14347m,54110c,12292j,2/22/2024,834,6872.7,processing,2/28/2024,3/20/2024
05111e,28438h,13335q,4/21/2023,128,6405.22,shipped,4/25/2023,5/9/2023
56032s,50660c,36148f,4/19/2023,565,8603.88,shipped,4/21/2023,5/12/2023
33742a,98627g,46892o,1/23/2024,801,3829.54,processing,2/1/2024,2/4/2024
38659s,44923w,34455k,3/23/2023,982,7987.28,delivered,3/24/2023,4/19/2023
93249b,94524o,84867n,9/24/2023,180,9309.4,processing,9/29/2023,10/22/2023
78247c,25198g,27216h,2/11/2024,184,1323.24,delivered,2/13/2024,3/4/2024
08762q,04974z,19984a,1/28/2024,437,9078.66,shipped,2/7/2024,2/16/2024
08871j,57568f,56983w,5/31/2023,621,4454.08,processing,6/2/2023,6/21/2023
03139l,26064g,86470s,3/9/2023,754,2422.25,delivered,3/10/2023,4/6/2023
37863s,99904f,78274n,1/24/2024,992,6616.2,shipped,1/24/2024,2/7/2024
19351f,61934p,71589l,4/9/2023,895,9060.31,shipped,4/19/2023,4/21/2023
31281q,59386m,30566f,2/3/2024,917,2891.25,delivered,2/8/2024,2/16/2024
08323l,33772m,62046a,12/20/2023,181,6693.46,processing,12/27/2023,1/10/2024
17006a,17944f,82970a,4/18/2023,7,650.12,delivered,4/20/2023,5/16/2023
88401n,67317f,47238g,8/31/2023,937,1959.53,pending,9/6/2023,9/30/2023
17060g,43254d,45330i,12/19/2023,478,6935.44,delivered,12/24/2023,1/15/2024
79581f,93938j,80130a,11/27/2023,162,7858.03,delivered,11/27/2023,12/24/2023
73862b,01538o,29007y,10/1/2023,564,5927.93,pending,10/8/2023,10/16/2023
52457x,86643h,41412k,10/4/2023,178,4601.76,shipped,10/11/2023,10/24/2023
09764y,82453d,47935o,1/17/2024,339,6067.55,delivered,1/26/2024,2/3/2024
85122t,92039u,06613b,11/16/2023,612,4561.66,processing,11/17/2023,12/6/2023
43755h,50166z,94922h,3/14/2023,732,1691.35,processing,3/22/2023,4/4/2023
92125f,03135x,11059e,4/19/2023,573,8145.62,delivered,4/28/2023,5/14/2023
36152e,13488o,22667g,1/21/2024,990,474.59,delivered,1/30/2024,2/17/2024
62602y,10362s,91656f,4/27/2023,219,169.6,delivered,4/30/2023,5/10/2023
69847w,83987a,26673u,11/17/2023,675,2630.96,shipped,11/20/2023,12/11/2023
94045v,65097k,10892l,2/12/2024,718,8964.05,pending,2/15/2024,3/10/2024
54928k,11197r,72503f,2/23/2024,667,1602.24,delivered,3/3/2024,3/4/2024
47003j,03973q,72994v,3/21/2023,220,7925.4,processing,3/23/2023,4/17/2023
32103d,34081v,87481x,6/1/2023,135,2736.65,pending,6/9/2023,6/16/2023
38740v,29871p,48012f,1/12/2024,379,4577.81,processing,1/13/2024,1/26/2024
80717a,99229e,07757r,3/2/2023,11,1511.87,delivered,3/4/2023,3/28/2023
15918j,68958o,42405k,11/17/2023,148,8738.73,pending,11/19/2023,12/9/2023
09811s,26269v,48164g,7/16/2023,300,3189.64,shipped,7/24/2023,8/11/2023
74363w,59191m,30105n,1/22/2024,195,8686.48,processing,2/1/2024,2/9/2024
85562d,68995x,86104j,9/12/2023,747,1206.1,pending,9/21/2023,9/22/2023
95721w,07060r,63275s,3/15/2023,682,4651.1,delivered,3/20/2023,4/2/2023
49147g,31974b,38942g,7/9/2023,368,712.53,pending,7/18/2023,7/20/2023
31081u,54902l,43477g,12/13/2023,691,1469.95,pending,12/17/2023,1/2/2024
68821b,07374j,68769z,2/17/2024,308,5809.46,shipped,2/26/2024,3/13/2024
53817k,02627b,45726c,6/17/2023,521,7396.58,delivered,6/25/2023,7/15/2023
41656u,78553q,68905n,2/19/2024,922,2143.18,delivered,2/20/2024,3/17/2024
10581i,29084q,34839i,10/2/2023,419,3104.31,delivered,10/4/2023,10/26/2023
80543o,81829a,23761y,5/20/2023,644,7112.5,processing,5/29/2023,6/5/2023
65511h,08781s,20607u,4/26/2023,85,3927.78,pending,4/28/2023,5/14/2023
65815o,04496p,96955u,10/25/2023,60,2838.71,processing,11/2/2023,11/10/2023
97216f,38262o,28731n,11/17/2023,889,3971.93,processing,11/18/2023,12/14/2023
76316t,34511d,86933g,9/15/2023,29,2275.8,delivered,9/17/2023,9/29/2023
11102z,17247v,45994e,8/8/2023,825,7093.83,pending,8/12/2023,8/21/2023
11725q,23763s,06456t,2/8/2024,879,7724.97,delivered,2/8/2024,2/25/2024
81726b,26606c,66599m,3/30/2023,587,3860.02,delivered,3/31/2023,4/23/2023
03578g,63997j,99427d,1/4/2024,882,524.55,processing,1/12/2024,1/19/2024
95143y,11450a,32037m,11/30/2023,492,5953.81,delivered,12/1/2023,12/19/2023
64688u,53133d,85850y,11/7/2023,830,773.15,delivered,11/9/2023,11/27/2023
26482r,96785h,37157o,10/27/2023,951,1821.16,shipped,10/30/2023,11/12/2023
85288c,51451h,02504o,2/21/2024,407,9292.57,pending,2/22/2024,3/14/2024
84145y,67110k,86334q,1/7/2024,13,616.82,pending,1/12/2024,1/29/2024
58711q,98608e,21560y,1/2/2024,746,8720.49,shipped,1/2/2024,1/15/2024
31017v,27599h,96399k,8/21/2023,134,6445.45,pending,8/24/2023,8/31/2023
38182z,95217n,71659d,9/4/2023,365,9963.6,processing,9/4/2023,9/21/2023
87033j,72740o,40153i,7/25/2023,959,4498.44,processing,7/25/2023,8/19/2023
95782s,84874z,09804b,2/22/2024,714,2054.48,delivered,2/26/2024,3/22/2024
08907n,82479b,78250d,4/21/2023,752,777.45,delivered,4/22/2023,5/7/2023
59263e,19347f,73458d,2/26/2023,207,2131.67,processing,2/27/2023,3/17/2023
95108x,21572a,67686i,3/15/2023,421,9289.4,delivered,3/22/2023,4/5/2023
74380y,45137w,45067r,4/27/2023,890,8046.47,delivered,4/30/2023,5/18/2023
67441p,77127b,72181h,4/11/2023,657,3557.43,delivered,4/17/2023,4/29/2023
43080k,93666t,80368b,6/29/2023,255,3537.0,processing,7/7/2023,7/11/2023
80008z,70326f,03279d,9/19/2023,829,9852.1,pending,9/20/2023,10/19/2023
65789o,92405g,78362m,10/23/2023,510,5248.9,pending,10/26/2023,11/18/2023
17758t,37544c,76348c,4/13/2023,210,9810.82,pending,4/19/2023,5/5/2023
90906i,18998b,25432g,11/17/2023,241,510.14,shipped,11/17/2023,12/17/2023
46592x,38981l,93825n,12/27/2023,517,2748.03,pending,1/3/2024,1/24/2024
73353c,31124m,23624n,11/11/2023,714,4167.59,delivered,11/17/2023,11/28/2023
43301p,40512c,62158w,12/2/2023,449,7384.63,shipped,12/12/2023,12/25/2023
21567o,10096g,02541y,8/17/2023,788,8823.68,processing,8/25/2023,9/15/2023
27462i,14533b,60899z,8/24/2023,600,7558.09,shipped,8/24/2023,9/8/2023
99922f,31623q,40523g,7/19/2023,459,9308.56,delivered,7/25/2023,8/14/2023
43762m,32623b,82685h,5/4/2023,673,3311.0,shipped,5/10/2023,5/22/2023
56588v,58012m,53979l,10/19/2023,468,3281.61,shipped,10/19/2023,11/1/2023
51874j,91862d,83994e,10/8/2023,251,5506.49,delivered,10/15/2023,11/2/2023
55052y,14121m,70921l,11/23/2023,717,7174.74,shipped,11/25/2023,12/7/2023
71175g,04352t,16441r,5/29/2023,291,7492.74,processing,6/2/2023,6/28/2023
29924s,55664o,16708u,11/27/2023,377,9783.89,processing,12/2/2023,12/18/2023
17452z,02669e,12995p,7/30/2023,688,6769.45,shipped,8/6/2023,8/24/2023
31996g,12141i,81204g,7/28/2023,221,3983.84,shipped,7/28/2023,8/11/2023
43676o,02294e,40451y,11/1/2023,364,5281.38,pending,11/10/2023,12/1/2023
20047v,83177e,30247y,11/26/2023,158,5093.08,delivered,12/5/2023,12/11/2023
18581p,36858y,17365v,8/26/2023,374,6797.96,processing,8/28/2023,9/10/2023
96498k,27995h,31741b,4/14/2023,457,5869.33,shipped,4/24/2023,5/10/2023
35665p,81652z,37679q,10/31/2023,181,8548.9,delivered,11/3/2023,11/11/2023
88406y,65479z,16487p,7/10/2023,275,5491.3,delivered,7/13/2023,7/28/2023
61717i,82277j,87483r,4/4/2023,424,5560.11,processing,4/10/2023,5/4/2023
10932q,52687g,86862s,10/29/2023,140,3447.16,shipped,10/29/2023,11/12/2023
68657m,21379l,00498s,2/15/2024,596,4698.03,processing,2/19/2024,3/10/2024
07250j,33522d,00988v,12/7/2023,411,1535.69,shipped,12/8/2023,12/17/2023
99691d,53376l,56311m,12/24/2023,294,4553.1,shipped,12/29/2023,1/13/2024
37758b,41172g,61588h,7/30/2023,508,4454.44,pending,8/6/2023,8/12/2023
09583m,47735s,24700s,12/3/2023,263,4906.09,pending,12/4/2023,12/29/2023
29907w,29957o,98379q,10/28/2023,502,1183.96,delivered,11/6/2023,11/17/2023
68439l,46672c,34690r,3/31/2023,678,59.21,shipped,4/5/2023,4/17/2023
17019q,89358z,95177a,10/8/2023,626,2040.98,pending,10/12/2023,11/3/2023
84499m,09222j,47899q,2/6/2024,323,2424.21,shipped,2/8/2024,2/19/2024
48724h,20935p,97202h,10/12/2023,861,1680.42,processing,10/13/2023,10/26/2023
49389h,53089x,76355p,9/5/2023,860,1287.4,shipped,9/9/2023,9/22/2023
45662h,04677o,92938m,8/16/2023,708,9746.04,delivered,8/24/2023,8/30/2023
41112u,89018n,41466x,4/18/2023,806,7511.19,pending,4/22/2023,5/17/2023
11731r,38749g,26992m,4/25/2023,96,1936.95,delivered,5/4/2023,5/7/2023
71926o,22475v,14017s,6/18/2023,11,4747.69,shipped,6/25/2023,7/3/2023
63196m,10344e,46954o,12/30/2023,278,2938.09,delivered,1/6/2024,1/23/2024
48060h,19884b,98397v,11/15/2023,590,3447.03,pending,11/22/2023,12/8/2023
78840e,74260g,91247o,9/5/2023,618,8694.97,pending,9/11/2023,9/25/2023
81166d,08772u,51686u,2/14/2024,788,1465.09,shipped,2/24/2024,3/2/2024
79467h,03648c,14383e,3/30/2023,764,3845.45,delivered,3/31/2023,4/22/2023
85160j,73523v,18606a,2/28/2023,498,5096.92,processing,3/1/2023,3/28/2023
33185b,19841r,62156j,1/8/2024,258,9378.47,pending,1/10/2024,1/24/2024
99864u,21624d,12235v,2/6/2024,697,8498.88,delivered,2/8/2024,3/6/2024
74599o,70297d,47856x,2/17/2024,972,7124.81,shipped,2/19/2024,3/8/2024
71388b,49782r,06165x,10/21/2023,699,8891.63,delivered,10/21/2023,11/11/2023
48397q,15055o,29551j,6/11/2023,390,4264.12,pending,6/16/2023,7/10/2023
00966l,00523b,52883q,3/14/2023,705,9651.19,processing,3/19/2023,4/6/2023
82302l,55717u,43471v,3/13/2023,732,2047.65,processing,3/17/2023,3/23/2023
11599w,13354x,71998b,3/4/2023,237,795.91,delivered,3/13/2023,4/2/2023
77742v,44306y,61883f,4/17/2023,889,6166.68,processing,4/25/2023,5/2/2023
72570i,80166y,58013o,7/23/2023,382,1988.59,delivered,8/1/2023,8/15/2023
99124a,96787i,50793o,7/10/2023,446,4100.23,pending,7/12/2023,8/7/2023
82608v,87585v,33397j,12/2/2023,956,4041.64,pending,12/12/2023,12/31/2023
80700l,21162s,68101t,1/1/2024,510,4675.03,delivered,1/5/2024,1/11/2024
46975z,23336g,66582d,4/21/2023,190,7858.01,shipped,4/25/2023,5/15/2023
00928h,10195u,71109y,2/1/2024,759,9303.51,pending,2/8/2024,3/1/2024
19899u,65309l,87340x,6/9/2023,493,8546.74,shipped,6/19/2023,6/20/2023
66475u,55485l,09900z,3/11/2023,244,2271.52,processing,3/14/2023,3/30/2023
37404b,50165o,27937i,9/19/2023,275,3677.76,processing,9/19/2023,10/7/2023
37973s,16839v,73363a,7/17/2023,99,5201.36,delivered,7/27/2023,8/12/2023
98657c,50653i,09820z,10/11/2023,524,5027.98,processing,10/14/2023,11/8/2023
61205p,65395v,03366o,4/19/2023,298,8575.46,pending,4/25/2023,5/9/2023
30463v,55957h,30440r,7/14/2023,725,4136.72,shipped,7/23/2023,8/13/2023
81608r,00345v,64340e,10/29/2023,819,6887.52,shipped,10/31/2023,11/28/2023
47363t,55244v,21187w,2/28/2023,770,9235.4,shipped,3/5/2023,3/20/2023
95730r,34644y,26285t,3/25/2023,51,7160.73,shipped,3/29/2023,4/11/2023
62752c,16785t,29303y,3/10/2023,783,4253.04,delivered,3/15/2023,4/6/2023
75314g,82679p,26491f,12/26/2023,612,9187.73,pending,1/2/2024,1/7/2024
43291m,90045c,76038d,2/16/2024,539,1036.72,shipped,2/22/2024,2/27/2024
31463j,24118j,44069x,2/16/2024,127,1513.66,delivered,2/24/2024,3/14/2024
65689m,68414p,26476y,1/31/2024,244,6362.4,delivered,2/10/2024,2/28/2024
04473d,53942z,88290l,6/30/2023,101,4387.44,processing,7/1/2023,7/24/2023
18705n,49444h,82574n,4/5/2023,344,9800.08,shipped,4/10/2023,4/18/2023
31009s,40681k,95993p,3/7/2023,838,236.45,shipped,3/7/2023,3/29/2023
49760z,35855a,15364z,1/3/2024,246,6055.77,delivered,1/8/2024,1/20/2024
81977v,87661g,12982m,10/7/2023,488,20.87,processing,10/9/2023,10/30/2023
31223k,40996v,45321r,2/1/2024,370,7710.36,processing,2/4/2024,2/13/2024
77841y,94100z,87855t,12/23/2023,329,9556.91,processing,12/31/2023,1/15/2024
88961k,18457y,94020d,10/26/2023,488,7830.49,shipped,10/27/2023,11/13/2023
17385u,41923p,84686h,1/29/2024,194,4816.25,shipped,2/1/2024,2/26/2024
44128m,00506a,87051l,2/12/2024,240,6209.23,delivered,2/13/2024,3/3/2024
10194x,66534a,76001h,11/21/2023,145,1201.88,pending,11/30/2023,12/6/2023
34946b,81906o,21253a,3/4/2023,240,5353.84,pending,3/9/2023,3/22/2023
94282w,94439z,74458r,9/19/2023,154,2970.2,pending,9/22/2023,9/29/2023
91132o,86272s,38537z,2/7/2024,778,7067.71,pending,2/17/2024,2/23/2024
91871e,60552o,13978d,8/2/2023,870,5929.81,processing,8/2/2023,8/29/2023
10661b,11325r,36651h,12/8/2023,498,1492.43,delivered,12/18/2023,1/4/2024
74828a,74528r,53286j,5/13/2023,550,6287.78,shipped,5/18/2023,6/6/2023
68545m,67979h,47025l,8/3/2023,401,6627.49,delivered,8/13/2023,8/23/2023
94503k,56125w,87162c,4/26/2023,69,8526.34,delivered,5/4/2023,5/6/2023
14646d,79742h,62358r,5/23/2023,836,9816.25,processing,5/26/2023,6/18/2023
35146p,93019h,39476v,5/28/2023,226,6035.26,shipped,5/30/2023,6/20/2023
22751f,97846n,18448n,9/11/2023,233,4484.63,pending,9/14/2023,10/9/2023
44087x,28850l,72263q,2/24/2024,46,8876.15,delivered,2/29/2024,3/6/2024
44517l,20827j,40870r,10/1/2023,357,5600.4,pending,10/8/2023,10/22/2023
38081r,53324k,43808m,2/6/2024,98,6669.25,pending,2/6/2024,2/24/2024
74471j,72324m,49531c,1/25/2024,67,4812.41,delivered,1/31/2024,2/5/2024
24660w,76822t,45740b,7/14/2023,849,1397.38,pending,7/18/2023,8/6/2023
08081n,25840e,14090i,12/9/2023,956,4023.21,shipped,12/16/2023,12/28/2023
88422e,81792x,85611y,1/30/2024,63,692.46,delivered,2/2/2024,2/21/2024
24580z,45012w,71918r,5/15/2023,127,6860.85,shipped,5/18/2023,5/25/2023
66142m,04200g,32928u,9/16/2023,296,2616.39,pending,9/25/2023,10/9/2023
01946k,81891n,52510r,8/22/2023,614,4032.13,shipped,8/22/2023,9/7/2023
91513l,50334l,88623m,3/12/2023,905,8536.73,shipped,3/19/2023,4/10/2023
15809v,97093m,55533g,10/20/2023,487,3189.44,processing,10/27/2023,11/9/2023
38658d,37806e,74050t,11/12/2023,593,6001.58,shipped,11/19/2023,12/3/2023
72743t,81284n,40589r,10/13/2023,360,8678.62,delivered,10/19/2023,11/9/2023
94443q,26158a,13171y,12/24/2023,980,4551.14,pending,12/29/2023,1/23/2024
69669c,08533y,65844i,5/31/2023,307,4001.53,processing,6/5/2023,6/23/2023
66261e,35813m,44608b,5/30/2023,546,7787.74,delivered,6/2/2023,6/25/2023
52357w,32743y,32241s,12/8/2023,354,7852.08,shipped,12/18/2023,12/31/2023
95730h,05528r,51822u,6/23/2023,498,3441.22,processing,7/1/2023,7/3/2023
71946p,84094e,33707v,6/19/2023,634,4493.73,delivered,6/19/2023,7/2/2023
89721h,01511i,16086h,8/20/2023,887,9020.95,processing,8/21/2023,9/7/2023
46122k,77368m,06927r,4/12/2023,268,1410.03,delivered,4/22/2023,4/26/2023
66697d,23468r,20899f,3/14/2023,314,6799.18,processing,3/18/2023,4/11/2023
97834s,19629f,18794d,3/19/2023,412,5668.67,shipped,3/21/2023,4/16/2023
82545o,40617r,86923b,4/1/2023,14,54.55,shipped,4/10/2023,4/26/2023
37535u,46040m,05545w,8/6/2023,288,3915.14,shipped,8/8/2023,8/16/2023
23682d,64818r,63023r,11/30/2023,410,7558.4,shipped,12/1/2023,12/13/2023
46388h,18027l,35830l,4/7/2023,333,8879.56,pending,4/16/2023,5/2/2023
11736w,20369f,99280l,1/23/2024,132,5097.67,delivered,2/1/2024,2/8/2024
37469r,34059d,85067u,1/9/2024,334,949.01,shipped,1/13/2024,1/20/2024
76323z,99220w,01406h,9/21/2023,33,4304.46,processing,9/21/2023,10/18/2023
83187e,19347a,27847l,11/8/2023,792,6464.41,pending,11/14/2023,12/8/2023
27256z,14410e,68251g,10/4/2023,627,6000.16,processing,10/8/2023,11/3/2023
56983o,94012b,73928v,11/26/2023,42,6522.83,processing,11/29/2023,12/19/2023
60666s,08796c,55545j,10/27/2023,346,6805.86,processing,10/28/2023,11/19/2023
72844w,54929v,07278h,2/10/2024,527,1669.32,pending,2/13/2024,3/11/2024
05213m,28499w,73792a,6/3/2023,248,4777.03,processing,6/3/2023,7/3/2023
57327v,17076m,29908d,5/1/2023,150,5929.89,processing,5/1/2023,5/30/2023
43468z,22063i,97739l,3/14/2023,853,1848.09,delivered,3/22/2023,3/24/2023
43699q,60230g,71712s,10/22/2023,439,7202.21,shipped,10/29/2023,11/1/2023
84394s,34109f,82255f,8/5/2023,823,3247.29,shipped,8/11/2023,8/19/2023
80797f,72493h,49764u,11/12/2023,874,5902.87,processing,11/22/2023,12/2/2023
58876p,61988i,65600s,8/3/2023,302,111.82,pending,8/7/2023,8/20/2023
64358h,53330b,25288e,1/24/2024,892,4627.62,pending,1/29/2024,2/7/2024
86043u,08780c,27832v,11/30/2023,621,9925.58,processing,12/8/2023,12/10/2023
57636d,74252a,84826q,1/23/2024,187,3480.93,shipped,1/31/2024,2/7/2024
85975h,38648y,27496r,4/13/2023,927,6135.38,shipped,4/16/2023,5/2/2023
73297x,15061n,29312v,1/31/2024,124,8752.26,pending,2/8/2024,2/28/2024
29904d,27941l,53038v,3/26/2023,805,8354.97,processing,3/31/2023,4/15/2023
13109p,50150r,54511b,5/2/2023,340,2259.1,pending,5/6/2023,5/25/2023
34770n,84204d,63645g,12/6/2023,899,5274.96,shipped,12/12/2023,1/2/2024
92508c,69646w,48200u,9/9/2023,872,8025.82,shipped,9/11/2023,9/20/2023
51418n,68975q,82547w,1/13/2024,370,3063.26,pending,1/17/2024,1/27/2024
21977x,29219w,80354h,5/13/2023,142,1945.06,delivered,5/19/2023,6/10/2023
05137c,13057n,75740o,12/19/2023,490,5371.29,processing,12/21/2023,1/10/2024
80280p,51268h,04171h,4/27/2023,300,8587.87,processing,5/1/2023,5/8/2023
87040r,70367m,68064z,5/20/2023,890,7570.28,processing,5/29/2023,6/16/2023
51755w,70270z,85090k,8/31/2023,441,9263.88,pending,9/1/2023,9/13/2023
18876g,73673y,19972l,2/15/2024,179,9347.91,delivered,2/16/2024,3/6/2024
70023r,31858e,94314o,5/3/2023,422,4754.05,shipped,5/10/2023,5/21/2023
11803l,78343x,80052u,3/7/2023,207,1002.1,pending,3/15/2023,4/3/2023
36951c,28407i,18452t,9/5/2023,605,3221.25,processing,9/8/2023,10/1/2023
98269i,49638z,87665s,5/3/2023,974,5644.94,pending,5/9/2023,5/21/2023
38965u,45576z,31922g,3/13/2023,79,7555.97,processing,3/18/2023,4/3/2023
40407r,49271b,89340m,6/19/2023,851,4117.03,delivered,6/22/2023,7/8/2023
41402x,37863d,28117g,6/20/2023,431,6890.52,shipped,6/20/2023,7/14/2023
41028q,57626n,56459e,2/13/2024,955,397.83,shipped,2/19/2024,3/12/2024
84477e,88290i,46237z,11/1/2023,589,6353.97,shipped,11/11/2023,11/16/2023
02600s,58947n,24179z,11/22/2023,491,6176.87,processing,11/25/2023,12/17/2023
79280g,97742f,89983d,6/5/2023,625,948.27,delivered,6/14/2023,6/19/2023
41242t,85927i,18388u,11/7/2023,175,7110.16,delivered,11/16/2023,11/26/2023
96422t,05777q,32409s,3/30/2023,684,1285.93,shipped,4/6/2023,4/9/2023
07333g,07234h,02114u,11/1/2023,393,2804.44,shipped,11/9/2023,11/28/2023
66510m,52334y,51420u,3/12/2023,45,301.9,pending,3/18/2023,4/5/2023
29646t,68796e,05542t,9/13/2023,918,1389.3,pending,9/16/2023,9/26/2023
91756v,40478n,17344v,4/29/2023,125,8884.96,shipped,5/9/2023,5/18/2023
85933v,01818u,03091t,1/30/2024,470,4166.37,pending,2/7/2024,2/15/2024
77619e,47243a,16456o,1/17/2024,992,1976.82,shipped,1/26/2024,2/5/2024
08415n,35135d,53956z,4/30/2023,392,2288.75,processing,5/7/2023,5/12/2023
54367q,36101x,59301o,1/7/2024,862,7900.63,delivered,1/9/2024,1/17/2024
68041l,88293u,97850g,8/19/2023,753,5417.62,pending,8/20/2023,9/12/2023
14260p,19276n,29918j,6/15/2023,410,6354.01,shipped,6/25/2023,6/25/2023
82951s,20249i,20164r,7/8/2023,365,7318.43,delivered,7/16/2023,7/21/2023
86076e,45106h,51599e,10/17/2023,974,891.2,delivered,10/21/2023,11/16/2023
03848j,32344b,71338d,1/8/2024,486,1065.26,delivered,1/14/2024,1/23/2024
01760w,48578j,98255h,8/28/2023,542,9196.95,pending,8/31/2023,9/22/2023
11262l,96724w,83086a,3/8/2023,10,8928.06,delivered,3/16/2023,3/23/2023
74610j,50529h,24070k,6/3/2023,538,1285.65,shipped,6/12/2023,6/16/2023
37030m,55757k,20941l,10/6/2023,422,5866.94,shipped,10/15/2023,10/24/2023
55855b,17998k,59807s,3/27/2023,788,9678.61,processing,4/1/2023,4/23/2023
89644a,73972u,04050x,10/2/2023,77,2469.17,pending,10/12/2023,10/31/2023
07994t,51911s,07223e,10/20/2023,327,3318.4,pending,10/23/2023,11/5/2023
38638v,54160p,88127x,12/30/2023,156,8826.65,processing,1/8/2024,1/16/2024
99286o,84813l,98265j,5/23/2023,974,9559.02,pending,5/29/2023,6/21/2023
12831o,48732t,78037u,9/29/2023,487,9010.94,pending,10/6/2023,10/27/2023
36256w,71723c,06815z,11/5/2023,340,3733.79,processing,11/10/2023,11/27/2023
09968u,39872m,99842m,3/3/2023,235,2805.85,processing,3/8/2023,4/2/2023
78860m,11965r,76493u,1/23/2024,237,7050.74,pending,1/23/2024,2/3/2024
30383n,67958u,55859t,3/30/2023,282,6686.17,pending,4/1/2023,4/10/2023
02645r,81630x,71871l,12/23/2023,980,2176.44,pending,12/23/2023,1/12/2024
54074y,47077b,68065t,8/3/2023,555,4922.0,shipped,8/10/2023,8/14/2023
37456t,90430t,79110f,5/5/2023,776,7267.08,shipped,5/6/2023,5/28/2023
63706f,43675b,88429z,7/30/2023,512,2660.68,processing,8/1/2023,8/10/2023
38389h,53985b,29651k,9/30/2023,64,8345.81,shipped,10/10/2023,10/14/2023
96175f,82697f,62588b,8/13/2023,108,531.71,shipped,8/22/2023,9/11/2023
49167r,20677m,98698o,6/17/2023,47,9497.43,processing,6/23/2023,7/15/2023
09480r,63336x,21109n,4/17/2023,661,3115.11,processing,4/27/2023,5/7/2023
13185y,18782k,29010y,9/26/2023,901,5012.73,shipped,9/28/2023,10/8/2023
55009f,43270p,27694b,7/13/2023,778,2513.98,pending,7/22/2023,8/7/2023
65901b,13573p,02142r,11/15/2023,959,2425.3,processing,11/24/2023,12/8/2023
66584i,81273q,99028p,3/8/2023,12,6534.42,delivered,3/15/2023,3/23/2023
40269r,12016y,98806y,4/18/2023,738,1538.51,processing,4/21/2023,5/15/2023
57191g,01068g,36655j,10/13/2023,54,8370.48,shipped,10/13/2023,10/28/2023
69192s,11324g,77741a,2/15/2024,578,2631.68,delivered,2/19/2024,3/13/2024
45782v,38623o,17855k,5/16/2023,247,6173.45,delivered,5/18/2023,6/8/2023
48543k,37866j,20306v,12/15/2023,967,4335.21,pending,12/22/2023,12/31/2023
20369l,17912o,93713f,4/15/2023,296,2257.14,shipped,4/23/2023,5/12/2023
04873d,40958g,96403b,8/4/2023,974,4654.89,pending,8/10/2023,8/15/2023
17948c,38150y,13735t,2/10/2024,176,4363.82,processing,2/11/2024,2/26/2024
33334j,29694d,45561c,9/6/2023,613,1367.49,processing,9/8/2023,9/23/2023
81273p,79437u,90483m,7/7/2023,501,4312.21,shipped,7/15/2023,8/1/2023
30011b,34899j,25422f,5/7/2023,58,8214.41,processing,5/17/2023,6/5/2023
22093e,52155f,18215z,9/17/2023,867,7733.83,pending,9/18/2023,10/5/2023
74946x,81863l,55148v,5/16/2023,608,792.81,shipped,5/17/2023,6/7/2023
91402u,73430h,20676i,10/4/2023,841,2853.24,pending,10/11/2023,10/24/2023
34093m,21948b,73827c,7/30/2023,992,9091.38,pending,8/5/2023,8/9/2023
17880w,56644d,74380p,6/8/2023,934,1285.24,processing,6/11/2023,6/30/2023
73565e,48998d,25657z,12/20/2023,599,9959.22,shipped,12/20/2023,1/3/2024
92079l,75323o,72870p,7/24/2023,550,4315.97,pending,7/26/2023,8/15/2023
69202i,11314q,75318f,6/1/2023,171,6171.0,pending,6/5/2023,6/16/2023
14483c,72696s,47552h,5/21/2023,739,9742.64,delivered,5/26/2023,6/6/2023
63446x,34063g,52735l,3/31/2023,652,7119.46,processing,4/10/2023,4/17/2023
09492i,00081i,68321a,7/6/2023,400,2210.59,pending,7/7/2023,7/22/2023
13697c,14744u,53496x,2/13/2024,270,210.7,pending,2/23/2024,3/3/2024
36893v,06952r,92322p,7/16/2023,609,6408.18,delivered,7/18/2023,8/14/2023
15153c,78283r,31468t,11/20/2023,279,5472.41,shipped,11/24/2023,12/13/2023
93216y,99741w,12988i,10/7/2023,524,3653.68,shipped,10/8/2023,10/17/2023
98617b,70356m,44798c,4/16/2023,634,1923.14,processing,4/21/2023,5/9/2023
41611y,73019q,66526a,1/14/2024,447,8188.04,delivered,1/17/2024,2/9/2024
42006t,56360p,76864r,7/28/2023,532,2221.81,shipped,8/1/2023,8/23/2023
27118b,01653u,66189s,8/11/2023,586,2467.57,delivered,8/13/2023,8/21/2023
72839w,84528d,52897q,7/26/2023,746,2678.05,pending,8/4/2023,8/17/2023
46911t,90739q,84738w,7/30/2023,442,6760.29,shipped,7/30/2023,8/25/2023
64181c,76585x,86642p,6/2/2023,722,9572.04,processing,6/5/2023,6/13/2023
01976a,68901d,64544r,7/21/2023,581,5649.82,shipped,7/22/2023,8/2/2023
63176k,14557h,00662r,9/19/2023,647,5993.27,delivered,9/25/2023,10/8/2023
73936t,21467h,14326c,7/28/2023,327,7898.13,processing,8/5/2023,8/7/2023
66313m,24333n,43209r,8/4/2023,147,8121.82,delivered,8/6/2023,8/17/2023
98231j,13830d,37741g,12/16/2023,290,1184.69,pending,12/18/2023,1/4/2024
54521c,25474r,93310p,3/17/2023,793,7029.76,shipped,3/20/2023,3/30/2023
53987g,38656w,35554e,4/24/2023,462,9098.64,processing,4/25/2023,5/23/2023
88075x,09533i,65451i,10/5/2023,761,1541.78,pending,10/12/2023,10/17/2023
72681n,94041f,61741i,10/13/2023,245,1549.57,processing,10/23/2023,10/27/2023
86300m,68750y,05656f,8/14/2023,458,9603.88,processing,8/22/2023,9/3/2023
33031r,85834a,59129k,8/18/2023,215,1241.67,delivered,8/18/2023,9/5/2023
01643t,33768b,31673c,11/14/2023,996,253.13,shipped,11/19/2023,11/24/2023
02154j,57789j,53544m,3/17/2023,759,3043.23,shipped,3/20/2023,4/2/2023
72818e,26283b,57482o,3/3/2023,203,2047.62,delivered,3/3/2023,3/21/2023
82364x,80515t,04642y,12/21/2023,732,9491.08,pending,12/22/2023,1/6/2024
55134l,03479k,55070a,4/1/2023,719,5618.14,pending,4/3/2023,4/23/2023
43609h,71446y,22021f,6/30/2023,796,7818.23,pending,7/9/2023,7/15/2023
31298q,48655m,45510h,7/2/2023,895,1701.78,pending,7/9/2023,7/25/2023
09105l,32988l,72640x,7/25/2023,313,1669.44,pending,7/25/2023,8/10/2023
58122s,02989p,74448q,8/15/2023,811,34.01,pending,8/24/2023,9/4/2023
53509f,03167a,71709r,12/15/2023,427,5336.34,pending,12/17/2023,1/5/2024
02843p,60125s,60132t,4/17/2023,446,1831.87,pending,4/25/2023,5/5/2023
03443h,83313z,74232x,3/28/2023,989,6836.62,delivered,3/29/2023,4/13/2023
09994e,99420x,73980l,7/28/2023,671,4433.64,shipped,7/30/2023,8/9/2023
70462h,43471t,21463m,12/12/2023,32,8769.05,processing,12/18/2023,1/9/2024
62605q,69197p,57686x,4/26/2023,945,1702.81,delivered,5/1/2023,5/10/2023
39334v,93601r,57163w,10/20/2023,405,2319.54,pending,10/29/2023,11/11/2023
50133g,58124b,23453v,3/22/2023,470,6828.8,shipped,3/28/2023,4/16/2023
59052v,79850n,04007l,12/29/2023,202,1146.35,shipped,1/1/2024,1/8/2024
55431o,55733d,87912y,2/8/2024,71,3533.07,shipped,2/13/2024,3/6/2024
33357z,76086v,85301e,5/30/2023,859,7031.96,delivered,6/8/2023,6/20/2023
97967f,71365g,52603j,9/23/2023,632,1752.77,pending,9/25/2023,10/13/2023
25199m,46433s,66265d,12/1/2023,874,8448.18,pending,12/7/2023,12/19/2023
72730e,23079x,40691c,8/16/2023,643,740.67,delivered,8/23/2023,8/29/2023
47688j,98605n,43907z,9/8/2023,600,2466.85,processing,9/13/2023,10/8/2023
18005u,79756i,09713f,9/11/2023,256,1774.94,pending,9/17/2023,9/23/2023
63492n,40690f,39492q,12/23/2023,46,7841.01,processing,1/2/2024,1/9/2024
12921e,09794q,91435d,11/4/2023,118,1045.54,processing,11/9/2023,12/4/2023
55664n,67929t,25623j,3/31/2023,647,8790.48,pending,4/7/2023,4/23/2023
62992v,23188j,68044b,4/23/2023,338,7980.35,pending,4/26/2023,5/23/2023
81511q,14298z,13559r,8/29/2023,525,4603.96,processing,9/7/2023,9/12/2023
10746u,80433g,98660d,1/4/2024,501,9192.94,shipped,1/14/2024,1/28/2024
37397k,10706g,29122r,10/26/2023,847,7295.67,processing,10/31/2023,11/5/2023
86644o,59053a,01492l,3/24/2023,123,9409.58,pending,3/29/2023,4/5/2023
32703b,43105t,92625f,2/13/2024,271,1163.75,shipped,2/20/2024,3/6/2024
75771t,61223a,13794g,5/24/2023,312,3076.76,pending,6/1/2023,6/3/2023
98841k,89623k,68772i,4/12/2023,324,8976.09,delivered,4/19/2023,5/11/2023
13181z,51129h,72852x,5/26/2023,783,6192.35,pending,5/29/2023,6/14/2023
92756a,24377j,85019w,4/18/2023,688,2682.45,pending,4/18/2023,5/11/2023
96655c,01075q,77258b,3/1/2023,964,962.23,delivered,3/1/2023,3/24/2023
55057i,27065z,07060c,7/30/2023,346,8111.58,pending,8/5/2023,8/21/2023
46611p,05927m,98489i,4/26/2023,64,4362.51,processing,5/6/2023,5/19/2023
36574q,75961y,57966n,12/20/2023,736,2202.84,shipped,12/22/2023,1/13/2024
06837s,30666p,00004c,6/12/2023,111,6782.02,pending,6/17/2023,7/5/2023
15530f,00530e,60534f,12/14/2023,640,1593.84,processing,12/23/2023,12/25/2023
73122p,62430d,45156a,5/25/2023,314,3054.64,processing,5/29/2023,6/15/2023
66123j,24815n,59236o,2/22/2024,311,7051.39,shipped,2/24/2024,3/10/2024
86708j,95589n,15936e,2/10/2024,526,5181.82,shipped,2/11/2024,3/4/2024
92208c,53088a,32587w,7/29/2023,383,9534.47,shipped,8/6/2023,8/22/2023
77282i,23724o,61535e,7/26/2023,128,181.5,pending,8/2/2023,8/8/2023
78038l,18285o,72476k,2/19/2024,759,9395.72,pending,2/27/2024,3/19/2024
78272a,83787f,48279z,6/3/2023,35,8648.24,delivered,6/6/2023,6/24/2023
91103d,74464s,81894r,8/5/2023,831,3842.03,delivered,8/5/2023,8/17/2023
45847f,41263m,46062u,3/16/2023,439,3746.0,processing,3/24/2023,4/5/2023
40008d,96363a,35169z,10/22/2023,531,5538.26,delivered,10/29/2023,11/7/2023
28149m,48478r,35576n,12/30/2023,430,1364.45,shipped,1/7/2024,1/23/2024
09412l,37684h,83064m,11/5/2023,150,5732.72,delivered,11/13/2023,11/24/2023
21701n,49589o,31893s,2/9/2024,267,4730.19,delivered,2/12/2024,2/22/2024
58292i,30278m,24945v,7/19/2023,852,2548.62,pending,7/28/2023,8/15/2023
92953o,42923g,05851f,7/19/2023,999,2054.52,processing,7/28/2023,8/9/2023
05121g,32339j,60022j,11/1/2023,879,4768.82,pending,11/3/2023,11/21/2023
67954e,88530u,14122c,8/8/2023,279,7931.31,pending,8/18/2023,8/28/2023
15613g,73996f,87902j,4/2/2023,628,1250.55,shipped,4/5/2023,4/30/2023
46649z,96394q,66306t,1/31/2024,876,4005.29,pending,2/1/2024,2/21/2024
10846q,43542j,91723j,1/20/2024,521,7446.18,shipped,1/23/2024,2/3/2024
34479t,97193o,70587x,9/1/2023,65,1155.18,delivered,9/6/2023,10/1/2023
78997v,04984o,70141l,5/13/2023,924,3322.84,pending,5/22/2023,6/6/2023
86033n,79686r,91215z,2/14/2024,58,7062.97,shipped,2/18/2024,2/29/2024
60654p,54885i,86547e,4/6/2023,245,8650.4,pending,4/7/2023,5/3/2023
26125v,85372u,49080x,11/26/2023,154,7070.54,shipped,12/4/2023,12/11/2023
10876y,48940c,79159u,3/2/2023,596,7336.63,delivered,3/11/2023,3/26/2023
79015s,03279s,36499c,1/6/2024,380,9247.32,shipped,1/14/2024,1/31/2024
63429p,70089o,75536i,8/27/2023,105,5534.03,shipped,9/3/2023,9/21/2023
20460w,08477j,57309v,5/22/2023,619,8942.62,processing,5/28/2023,6/7/2023
12377t,40760s,55884v,11/4/2023,941,8636.81,shipped,11/14/2023,11/19/2023
68151q,10118c,86536w,1/15/2024,664,6244.84,processing,1/23/2024,2/1/2024
28476h,61415h,84692j,8/23/2023,47,7924.46,delivered,8/28/2023,9/12/2023
84474m,80776a,21099n,9/19/2023,940,2996.16,pending,9/20/2023,10/3/2023
14142m,45781f,22161j,10/27/2023,772,6127.72,pending,11/3/2023,11/20/2023
43441k,51213g,39145q,12/17/2023,934,593.59,processing,12/26/2023,12/29/2023
68091l,12574d,95113t,1/1/2024,558,200.47,shipped,1/2/2024,1/11/2024
98941l,49711q,54160u,6/28/2023,895,1761.28,delivered,7/5/2023,7/8/2023
92863n,29986y,89740u,7/17/2023,13,2720.14,pending,7/19/2023,7/31/2023
04662t,83085t,99862s,9/15/2023,601,9686.42,processing,9/16/2023,10/4/2023
69992r,87229e,92343v,10/4/2023,482,8065.0,pending,10/9/2023,10/27/2023
74581z,74927i,43539h,1/3/2024,814,5902.82,processing,1/6/2024,1/14/2024
63210k,33660f,87836e,5/15/2023,460,7633.2,pending,5/16/2023,5/30/2023
58811g,25098f,61579j,9/12/2023,908,635.88,delivered,9/19/2023,9/23/2023
26201p,75194h,70206d,2/5/2024,1,8405.98,delivered,2/7/2024,2/26/2024
25874x,57783t,15174c,5/17/2023,16,1248.41,delivered,5/25/2023,5/30/2023
92208v,98212v,98385r,7/16/2023,712,8831.13,pending,7/23/2023,7/28/2023
51651p,60306s,85442p,10/18/2023,536,7533.64,delivered,10/25/2023,11/1/2023
20559e,28922l,13379h,6/21/2023,917,1048.41,delivered,6/24/2023,7/13/2023
16174l,11468p,21959c,2/21/2024,654,7671.06,delivered,2/22/2024,3/19/2024
69086a,71984j,82070h,1/24/2024,229,8405.42,shipped,1/24/2024,2/5/2024
65133k,00281a,33793k,7/29/2023,541,2155.33,delivered,8/6/2023,8/10/2023
72258z,66528o,53795j,5/15/2023,110,3655.21,pending,5/25/2023,6/4/2023
50487q,02258j,63415y,12/12/2023,682,995.42,processing,12/17/2023,12/31/2023
64281t,59497y,93237s,2/6/2024,849,847.53,pending,2/15/2024,3/3/2024
21622s,23614p,31036z,9/28/2023,179,6693.59,delivered,9/29/2023,10/20/2023
29114v,70349i,35697v,7/28/2023,767,2052.46,delivered,7/30/2023,8/10/2023
53498d,88421f,70222n,1/12/2024,345,9807.46,processing,1/19/2024,2/3/2024
67552t,35272g,96987r,6/18/2023,889,9653.57,shipped,6/23/2023,7/14/2023
69428s,56482h,34438q,10/12/2023,144,3563.71,shipped,10/13/2023,10/24/2023
34781g,23300u,64756i,12/26/2023,728,7866.16,delivered,1/5/2024,1/19/2024
53476k,44911a,39306c,3/29/2023,594,9952.01,pending,4/8/2023,4/20/2023
40872q,60845y,14834z,4/21/2023,434,9241.08,delivered,4/23/2023,5/20/2023
69635x,27959z,55535y,12/16/2023,87,5889.75,processing,12/21/2023,1/6/2024
36992r,93609x,28601r,6/19/2023,244,5078.48,delivered,6/24/2023,7/17/2023
87932s,13471z,15703r,3/29/2023,630,5410.02,shipped,4/8/2023,4/8/2023
50829j,31616f,89912j,6/23/2023,713,8142.7,pending,6/25/2023,7/4/2023
10722o,49103c,10756z,1/7/2024,708,7842.92,processing,1/12/2024,1/30/2024
04568w,38687t,44489x,4/24/2023,862,4752.47,delivered,5/4/2023,5/5/2023
84008v,62184c,76233y,1/15/2024,829,3018.06,delivered,1/21/2024,2/10/2024
95603z,04083k,28773y,4/6/2023,880,8360.26,shipped,4/12/2023,4/16/2023
06518f,47040x,36825a,7/16/2023,558,548.52,shipped,7/17/2023,7/30/2023
96674g,91672i,37978o,4/29/2023,775,609.19,pending,5/7/2023,5/23/2023
50721l,87293c,07374a,3/9/2023,744,7644.74,pending,3/15/2023,4/1/2023
14437m,56889w,53526s,12/13/2023,583,4503.81,processing,12/20/2023,12/30/2023
23089l,14942m,67852e,10/2/2023,400,3695.0,pending,10/6/2023,10/19/2023
35592q,23211y,50068e,8/9/2023,243,9468.04,shipped,8/19/2023,9/3/2023
21966g,12291y,74804e,12/28/2023,606,6118.1,shipped,12/31/2023,1/18/2024
66861b,02774z,31792r,12/22/2023,401,9958.77,processing,12/22/2023,1/7/2024
20218x,78855u,56848n,5/2/2023,218,5173.35,shipped,5/9/2023,5/12/2023
64296m,90370z,74915d,7/5/2023,638,8439.48,shipped,7/10/2023,7/16/2023
48574b,91434t,54504o,4/22/2023,525,3363.87,pending,4/25/2023,5/16/2023
06183f,12636l,95930y,1/14/2024,935,5861.88,shipped,1/21/2024,1/24/2024
40252y,94668e,39799s,3/18/2023,956,9706.29,pending,3/28/2023,4/13/2023
91311g,30901a,88541g,1/8/2024,956,1249.17,shipped,1/16/2024,1/25/2024
93193e,44480e,21034u,11/11/2023,730,8893.85,processing,11/13/2023,11/29/2023
37209r,01465l,35286x,7/5/2023,905,2168.24,shipped,7/11/2023,7/18/2023
53359b,98433g,97485j,5/11/2023,364,409.37,processing,5/21/2023,6/9/2023
69594h,27752o,39116f,10/26/2023,607,2165.94,delivered,10/26/2023,11/12/2023
95920x,59049z,19786w,1/2/2024,611,3775.66,pending,1/3/2024,1/17/2024
31563e,68199s,48723w,12/20/2023,920,4860.09,processing,12/26/2023,1/3/2024
34870v,43271z,71416o,11/10/2023,461,6760.83,processing,11/20/2023,11/27/2023
26994n,37944n,90722q,5/14/2023,266,2906.52,shipped,5/22/2023,5/28/2023
81796i,86407m,96800z,6/20/2023,619,1194.7,processing,6/20/2023,7/19/2023
08541k,42469c,42990p,9/5/2023,209,3911.57,shipped,9/6/2023,9/20/2023
61682c,43047p,02909o,12/18/2023,914,3321.68,delivered,12/23/2023,1/17/2024
46336o,00552v,96738g,10/23/2023,418,6625.42,shipped,11/2/2023,11/11/2023
96634i,50530n,25603t,9/21/2023,651,2236.35,shipped,9/30/2023,10/19/2023
72949o,69722i,46576v,8/19/2023,993,9752.22,processing,8/19/2023,8/29/2023
29801w,30089p,50781p,3/4/2023,855,2595.4,pending,3/14/2023,3/21/2023
11204x,15904l,59341b,7/31/2023,583,1208.78,delivered,8/2/2023,8/23/2023
96068i,94403h,10186r,5/8/2023,158,2226.17,shipped,5/8/2023,5/24/2023
44205f,49166o,39626h,8/16/2023,913,8748.29,processing,8/17/2023,9/7/2023
73059g,41579k,08948a,9/20/2023,846,5716.79,shipped,9/23/2023,10/8/2023
01802q,98304b,64632h,4/29/2023,255,3985.5,shipped,5/2/2023,5/13/2023
65765v,46448h,48666i,11/5/2023,188,1812.22,shipped,11/11/2023,11/18/2023
31147p,75942e,72068q,10/3/2023,499,5302.08,pending,10/4/2023,10/16/2023
44207m,04364c,19604e,12/29/2023,159,3058.21,processing,1/4/2024,1/26/2024
54442f,03506z,65737e,9/6/2023,670,352.32,pending,9/14/2023,9/29/2023
59959n,41950y,57067o,6/28/2023,340,1480.88,delivered,7/2/2023,7/18/2023
13319n,49740h,77128u,5/26/2023,438,202.45,pending,5/30/2023,6/24/2023
09312h,43118o,81578v,5/1/2023,271,690.48,shipped,5/4/2023,5/23/2023
27262i,60714v,82873i,2/12/2024,167,5630.44,processing,2/12/2024,3/12/2024
08979i,22446e,15276b,2/25/2024,519,3719.0,shipped,2/29/2024,3/8/2024
37214t,41187i,00166h,9/11/2023,103,3428.33,delivered,9/20/2023,10/2/2023
24223j,32803i,60154v,9/16/2023,899,9060.24,delivered,9/17/2023,10/11/2023
06612f,02767n,16156u,4/7/2023,374,6798.25,shipped,4/16/2023,5/4/2023
86450e,14423j,09169c,12/1/2023,865,2664.94,processing,12/2/2023,12/19/2023
57669k,07719n,77619c,1/13/2024,4,5935.97,delivered,1/18/2024,2/8/2024
83537p,94169x,24164e,4/26/2023,992,1191.51,pending,4/28/2023,5/19/2023
11874p,63527m,17247y,6/5/2023,593,9638.66,pending,6/13/2023,6/23/2023
46963z,36001a,69431p,8/28/2023,660,12.33,pending,9/2/2023,9/7/2023
24379v,14432z,22414b,4/1/2023,293,7523.9,pending,4/2/2023,4/24/2023
80995i,76156n,47001g,4/19/2023,443,1362.22,processing,4/29/2023,5/19/2023
95087a,52606x,96493v,12/6/2023,789,2348.47,shipped,12/15/2023,1/1/2024
68406l,50489k,41446n,12/29/2023,839,7502.68,shipped,1/1/2024,1/21/2024
63233v,63139z,65225f,3/15/2023,724,8723.82,pending,3/23/2023,3/30/2023
30283m,33642j,32413p,9/8/2023,858,7470.55,pending,9/16/2023,9/26/2023
52494p,32448a,96541x,11/29/2023,941,7052.69,delivered,12/5/2023,12/17/2023
70574u,91185n,59472o,9/1/2023,326,8401.72,processing,9/7/2023,9/30/2023
85355o,39245y,87923c,2/23/2024,818,1227.74,processing,3/4/2024,3/14/2024
06093k,36035l,65007b,3/28/2023,434,5280.71,delivered,4/4/2023,4/14/2023
56515m,54344y,62739t,11/21/2023,3,245.85,delivered,11/29/2023,12/20/2023
72059y,39866k,32084j,11/3/2023,492,4825.85,delivered,11/10/2023,11/27/2023
10935v,12729e,82046d,1/29/2024,811,9710.82,processing,2/2/2024,2/23/2024
69127b,80114b,87846k,11/17/2023,76,9927.76,processing,11/22/2023,12/10/2023
57229p,20675h,04420c,1/19/2024,604,312.41,processing,1/27/2024,2/3/2024
19439t,78847b,93418w,4/10/2023,807,6777.08,delivered,4/20/2023,5/8/2023
00341e,55864p,43147w,5/24/2023,745,4284.57,delivered,5/29/2023,6/4/2023
36512r,46357v,60593t,11/3/2023,777,7859.44,processing,11/8/2023,11/15/2023
41735x,38404v,07271z,5/15/2023,67,4664.33,pending,5/21/2023,6/1/2023
11616m,61147x,34746u,3/21/2023,437,4318.03,delivered,3/29/2023,4/12/2023
07150u,21360o,61015t,1/12/2024,138,7653.38,pending,1/22/2024,1/28/2024
50747m,50545b,96181b,7/6/2023,974,1251.92,shipped,7/8/2023,7/23/2023
71900z,93801q,67633g,3/27/2023,898,884.34,pending,4/6/2023,4/19/2023
38381q,61274p,71408d,7/31/2023,227,8501.46,pending,8/10/2023,8/17/2023
08676a,50807y,73298j,7/2/2023,394,4552.1,pending,7/5/2023,7/17/2023
93413u,17634t,34611l,4/24/2023,146,5059.58,processing,4/25/2023,5/21/2023
74559t,84607q,45472a,10/9/2023,750,1126.86,shipped,10/19/2023,11/8/2023
48343k,56376q,18874g,2/25/2024,253,9787.73,shipped,2/27/2024,3/6/2024
52866p,33394r,99924b,2/14/2024,680,5020.77,processing,2/14/2024,3/14/2024
32072l,43650w,11825e,8/2/2023,761,5733.55,processing,8/3/2023,8/22/2023
95190p,79967s,29148y,10/29/2023,927,4480.77,processing,11/1/2023,11/17/2023
86973j,06511w,90118x,12/14/2023,969,1210.04,delivered,12/23/2023,1/13/2024
92263f,05402e,26355c,6/3/2023,889,2238.24,pending,6/11/2023,6/23/2023
78168h,62568h,21682k,6/24/2023,944,717.58,processing,6/30/2023,7/16/2023
60677d,80033r,23457p,4/29/2023,906,8871.0,processing,5/8/2023,5/21/2023
89639f,73853s,67151r,12/27/2023,546,7051.46,delivered,12/31/2023,1/25/2024
70247b,25961h,91293e,9/18/2023,745,3651.3,processing,9/21/2023,10/12/2023
77953k,94446s,57023j,8/15/2023,907,5979.83,shipped,8/19/2023,9/7/2023
76824w,09386q,14598d,3/15/2023,506,9757.01,pending,3/20/2023,3/31/2023
80483f,18764u,06409p,8/24/2023,886,40.33,delivered,8/29/2023,9/23/2023
55082k,68699x,44677a,7/20/2023,197,4767.65,shipped,7/24/2023,8/6/2023
13313j,89702c,00586u,3/31/2023,307,9462.68,pending,4/4/2023,4/28/2023
38339r,21213c,03875u,1/23/2024,264,1931.91,delivered,2/1/2024,2/14/2024
13957x,31160n,26208c,5/21/2023,797,1914.93,processing,5/23/2023,6/8/2023
93457m,32500t,10018a,12/31/2023,910,3196.83,shipped,1/9/2024,1/27/2024
40790w,73265c,46669m,11/16/2023,372,7899.93,shipped,11/21/2023,12/4/2023
97630f,54206m,42376q,11/10/2023,263,4386.73,delivered,11/14/2023,11/27/2023
87830v,20937c,64913k,11/18/2023,313,3317.23,shipped,11/21/2023,11/30/2023
60516v,35051c,77277c,1/20/2024,212,2223.06,processing,1/27/2024,2/19/2024
68524p,79126l,71384x,9/27/2023,754,5209.59,processing,9/28/2023,10/13/2023
77405t,14033h,18255j,11/16/2023,647,7541.04,pending,11/25/2023,12/1/2023
76835y,27239t,55043s,6/13/2023,744,240.88,pending,6/21/2023,6/28/2023
73869j,28129i,66143z,2/25/2024,84,5930.92,delivered,2/27/2024,3/22/2024
04464g,40391j,91201l,9/12/2023,892,4461.57,shipped,9/14/2023,9/29/2023
30415x,57658s,53752z,4/16/2023,341,815.29,delivered,4/19/2023,5/16/2023
85354i,37528q,52929t,11/17/2023,300,1694.14,processing,11/27/2023,12/4/2023
79644u,26492f,06756i,12/9/2023,355,7470.93,processing,12/13/2023,1/7/2024
76867j,70840e,85880q,11/20/2023,279,3868.37,processing,11/23/2023,12/7/2023
44179e,06996g,76059t,1/30/2024,252,130.7,processing,2/3/2024,2/14/2024
36021b,66576u,27513s,10/2/2023,287,5437.31,delivered,10/2/2023,10/24/2023
39952v,13688k,34915e,6/24/2023,262,8756.68,delivered,6/27/2023,7/22/2023
87253c,81333l,56544n,4/23/2023,129,6172.94,shipped,4/26/2023,5/13/2023
16149d,53327h,46886d,10/15/2023,606,4932.41,delivered,10/24/2023,11/1/2023
01704m,41517s,48955r,6/3/2023,255,8182.59,delivered,6/5/2023,6/15/2023
27313m,67839e,84120b,6/5/2023,498,5286.96,delivered,6/15/2023,7/3/2023
85530q,17171y,88499k,3/23/2023,314,4833.14,processing,3/23/2023,4/16/2023
90888h,39816d,61720d,2/22/2024,660,3095.64,shipped,2/24/2024,3/10/2024
10829r,17081i,19683t,12/6/2023,696,3958.12,pending,12/16/2023,12/23/2023
74307x,84422q,84734q,8/9/2023,854,9399.33,processing,8/11/2023,8/29/2023
29589b,44974o,18142t,6/13/2023,306,5047.6,shipped,6/19/2023,6/23/2023
07006c,62290y,88333z,4/15/2023,644,8775.63,shipped,4/25/2023,5/1/2023
64432s,48139b,49996b,7/13/2023,902,1239.75,shipped,7/15/2023,7/27/2023
20493m,24819q,75342x,7/11/2023,651,2704.04,shipped,7/15/2023,7/23/2023
51951e,51168q,39600g,7/15/2023,141,3578.86,shipped,7/23/2023,7/28/2023
41251y,47201b,04396p,12/23/2023,219,647.47,shipped,12/27/2023,1/11/2024
86663s,47484s,07654i,1/17/2024,231,730.88,delivered,1/20/2024,2/15/2024
36734n,88142d,83596g,1/4/2024,447,5239.13,pending,1/4/2024,2/3/2024
37517s,10023a,57479j,7/2/2023,302,2172.21,processing,7/4/2023,7/28/2023
90399t,30367v,55218o,11/8/2023,631,8715.17,pending,11/11/2023,12/7/2023
77799z,72235r,33100r,3/2/2023,808,7327.98,delivered,3/11/2023,3/25/2023
55974e,46741p,87027z,3/25/2023,952,2553.15,pending,3/28/2023,4/6/2023
50755j,71746x,67492k,7/25/2023,788,1557.37,pending,8/4/2023,8/24/2023
16101m,48074f,98390w,5/11/2023,304,893.4,processing,5/19/2023,5/25/2023
12546m,16222f,05377x,5/20/2023,359,8098.67,processing,5/26/2023,6/9/2023
43583a,23349a,83101n,2/4/2024,648,8689.79,pending,2/6/2024,2/24/2024
44444p,79052a,65637p,6/17/2023,23,5091.76,processing,6/22/2023,7/11/2023
00482c,67214t,42029t,9/17/2023,39,8332.66,processing,9/26/2023,10/1/2023
00345k,61198m,46829r,4/7/2023,875,9661.39,delivered,4/9/2023,4/28/2023
68914h,13647p,37085c,3/24/2023,476,7964.29,processing,3/30/2023,4/21/2023
27424i,05131c,72125k,2/23/2024,834,3083.21,processing,3/1/2024,3/17/2024
75426g,39264k,03492o,7/22/2023,659,781.04,processing,7/22/2023,8/17/2023
48727v,73050p,49117v,2/3/2024,822,4215.45,processing,2/6/2024,2/25/2024
41452c,88294n,82480i,4/12/2023,588,3401.87,delivered,4/16/2023,5/6/2023
42162m,89958n,60102b,10/28/2023,698,4775.46,delivered,10/28/2023,11/22/2023
03682c,34039s,57243w,12/30/2023,162,5783.21,delivered,12/30/2023,1/15/2024
85965u,74842p,66262c,6/2/2023,667,8987.9,processing,6/10/2023,6/28/2023
53155w,83953d,50226r,6/9/2023,107,6186.32,shipped,6/15/2023,6/21/2023
98673w,48808x,94103n,10/20/2023,338,472.6,delivered,10/27/2023,11/5/2023
80120y,01887l,78997k,8/8/2023,407,6882.84,shipped,8/8/2023,9/5/2023
20502w,56577c,96189i,9/9/2023,323,7179.26,processing,9/17/2023,9/21/2023
28542q,37833o,58949c,3/13/2023,806,8524.0,pending,3/22/2023,4/6/2023
00574u,79476e,00568z,3/5/2023,939,1401.07,delivered,3/5/2023,4/3/2023
89999o,01732o,07929u,11/24/2023,430,896.03,delivered,12/3/2023,12/14/2023
05493t,01982d,92339m,1/23/2024,423,6935.43,pending,1/26/2024,2/12/2024
71177k,15167q,80286n,8/8/2023,609,1603.46,delivered,8/18/2023,8/22/2023
71167x,70517z,32015v,2/20/2024,131,7596.51,pending,2/21/2024,3/11/2024
02403f,67677s,14690u,9/26/2023,992,1624.98,shipped,10/2/2023,10/23/2023
96686j,01817s,97408n,2/16/2024,145,7780.91,delivered,2/23/2024,3/7/2024
16846n,73563i,59475v,2/15/2024,175,809.62,pending,2/20/2024,2/29/2024
17828l,57375h,41240e,6/28/2023,342,5798.03,processing,7/3/2023,7/8/2023
73788y,23990p,60736h,10/11/2023,245,6752.13,processing,10/12/2023,11/5/2023
03822c,71893v,44850t,5/15/2023,433,3914.16,shipped,5/19/2023,6/9/2023
32671t,93139w,80324z,6/4/2023,982,6194.5,shipped,6/10/2023,6/16/2023
20999w,10581f,44501q,10/21/2023,197,7502.13,processing,10/29/2023,10/31/2023
85852l,98293d,99896s,12/4/2023,386,8889.22,processing,12/11/2023,12/15/2023
00065v,56034c,75535p,9/12/2023,278,4323.18,pending,9/20/2023,10/12/2023
71910i,81852z,40201t,3/30/2023,10,829.63,processing,4/7/2023,4/23/2023
92281m,97903b,13567p,6/23/2023,191,6556.25,shipped,6/24/2023,7/13/2023
82642w,63797i,17735b,4/3/2023,351,5329.7,shipped,4/12/2023,4/17/2023
17617j,89565d,14669k,8/25/2023,700,6490.41,shipped,8/28/2023,9/24/2023
20208s,63445w,94297y,1/14/2024,819,7772.95,delivered,1/24/2024,1/29/2024
37210n,72137u,22978d,9/16/2023,269,8183.6,processing,9/26/2023,10/3/2023
05310v,21522c,47636l,9/4/2023,152,7539.02,shipped,9/11/2023,9/29/2023
70994f,14938r,14131m,6/28/2023,42,4586.25,delivered,7/6/2023,7/15/2023
15665i,67213c,88235m,9/24/2023,345,4803.13,pending,10/4/2023,10/23/2023
92611l,59303c,66155z,5/7/2023,843,134.87,pending,5/15/2023,5/25/2023
90352t,25464v,71772j,9/5/2023,361,1779.81,delivered,9/6/2023,9/15/2023
81413g,10734u,67129d,10/25/2023,918,1534.37,pending,10/26/2023,11/7/2023
59056q,82218x,57186i,10/19/2023,782,5722.13,shipped,10/19/2023,11/10/2023
86451k,59046z,49801q,2/18/2024,782,4901.85,delivered,2/25/2024,3/11/2024
23174v,54519s,21015i,9/17/2023,69,6286.46,delivered,9/24/2023,9/27/2023
86690t,00976k,43455m,9/23/2023,404,5973.53,shipped,10/1/2023,10/15/2023
07730p,60801g,64606q,4/26/2023,965,7028.68,shipped,5/5/2023,5/23/2023
86344h,00167c,73096n,3/25/2023,838,3704.31,delivered,3/31/2023,4/24/2023
06310g,31916p,46861y,9/19/2023,610,3984.48,processing,9/23/2023,9/30/2023
49059y,58766w,33644l,12/16/2023,590,3125.82,pending,12/17/2023,1/1/2024
69021i,19061e,63637x,11/21/2023,200,9355.92,delivered,11/29/2023,12/8/2023
16539m,46749c,48948i,10/12/2023,814,2905.91,delivered,10/13/2023,10/23/2023
44631k,72587z,34749n,7/7/2023,496,1575.13,delivered,7/15/2023,7/28/2023
05197e,91754r,60983c,12/8/2023,211,5265.36,shipped,12/18/2023,12/30/2023
91160g,88899v,21916r,3/1/2023,918,2399.45,delivered,3/10/2023,3/21/2023
77186b,59552u,36673q,1/22/2024,597,4557.95,shipped,1/30/2024,2/13/2024
52191x,58373w,41445x,2/12/2024,204,1547.64,pending,2/20/2024,2/27/2024
61908q,97210j,88269p,9/11/2023,896,4239.14,delivered,9/13/2023,10/3/2023
50757d,72706w,22602v,4/25/2023,736,2324.9,processing,5/5/2023,5/12/2023
93913w,26909k,39638j,4/1/2023,782,2322.69,shipped,4/8/2023,4/15/2023
83275e,89233y,78170d,9/10/2023,702,6969.33,shipped,9/20/2023,9/21/2023
36878x,33453f,89672d,12/17/2023,411,7060.55,shipped,12/22/2023,1/6/2024
92746s,24304g,69970n,5/29/2023,741,4781.02,processing,6/3/2023,6/19/2023
27443r,83556e,38488n,8/13/2023,145,5442.68,processing,8/14/2023,9/2/2023
57014r,24667p,47745r,2/15/2024,97,782.14,delivered,2/19/2024,2/26/2024
60071f,99936z,17378p,8/15/2023,984,1703.45,shipped,8/18/2023,9/6/2023
78599s,50639i,89041u,9/2/2023,136,6623.78,delivered,9/2/2023,9/19/2023
34823s,55781p,65722i,12/26/2023,596,9004.27,pending,1/2/2024,1/15/2024
02190w,30627i,27636a,8/24/2023,42,8262.53,processing,9/2/2023,9/17/2023
92659h,09726l,25374h,3/28/2023,133,4194.83,pending,4/6/2023,4/7/2023
03800t,92782s,57402o,11/9/2023,682,5020.9,processing,11/15/2023,11/22/2023
09603z,97720d,22640y,3/8/2023,130,4151.72,shipped,3/12/2023,3/20/2023
03499c,08060d,19427e,5/22/2023,577,3397.15,pending,5/23/2023,6/17/2023
01690r,40067n,20136m,7/9/2023,251,3026.97,shipped,7/12/2023,7/21/2023
52343h,05796x,74887h,8/29/2023,563,2347.3,processing,9/8/2023,9/16/2023
03337d,76679l,14037y,1/9/2024,888,7033.1,pending,1/12/2024,1/23/2024
21787q,29123f,66369m,10/8/2023,645,8469.43,processing,10/18/2023,10/20/2023
09492h,25803f,25046r,1/6/2024,594,3526.83,delivered,1/10/2024,1/16/2024
97710i,21588y,25657m,10/18/2023,126,8676.49,delivered,10/24/2023,11/15/2023
93714j,93457n,74751r,8/8/2023,847,7888.83,shipped,8/13/2023,8/18/2023
05840o,00548y,56441q,2/26/2023,120,4182.69,pending,3/4/2023,3/26/2023
69867q,15692c,02684n,7/26/2023,206,760.27,delivered,7/26/2023,8/8/2023
29358t,00954t,76649p,4/4/2023,11,2509.49,shipped,4/9/2023,4/15/2023
21753g,47013i,58549b,10/17/2023,787,3263.25,shipped,10/19/2023,11/9/2023
91297p,32280t,53098s,6/14/2023,281,7175.18,pending,6/14/2023,7/4/2023
97536i,60434y,74399n,4/21/2023,220,2384.72,delivered,4/21/2023,5/8/2023
57750a,21351g,05154h,6/12/2023,196,3751.93,pending,6/21/2023,6/22/2023
88037e,41841s,03135h,10/31/2023,59,6578.5,processing,11/7/2023,11/18/2023
10358x,22774v,92689y,3/12/2023,332,9362.04,pending,3/22/2023,4/3/2023
62756a,30460f,23147t,2/3/2024,663,837.33,delivered,2/12/2024,3/3/2024
31269h,04703p,87056f,4/18/2023,601,2793.66,delivered,4/23/2023,5/4/2023
81637d,48009h,63665z,8/20/2023,620,8880.07,shipped,8/20/2023,9/18/2023
60725r,04720t,01205z,11/11/2023,756,7414.49,shipped,11/16/2023,12/4/2023
03812z,42024q,37372y,12/5/2023,575,5412.37,delivered,12/7/2023,12/27/2023
79708c,31713g,83787z,9/16/2023,537,359.09,delivered,9/16/2023,10/15/2023
33111e,22775c,87425a,4/12/2023,885,8177.45,shipped,4/19/2023,5/3/2023
91514k,02624m,46216m,6/14/2023,845,8434.77,processing,6/15/2023,7/6/2023
12499i,13611m,15453y,2/23/2024,160,2643.1,processing,2/27/2024,3/10/2024
47776v,12113v,84140r,2/19/2024,425,2798.33,pending,2/29/2024,3/16/2024
81586g,61092w,32835x,5/15/2023,681,3896.6,processing,5/23/2023,6/3/2023
