payment_id,customer_id,total_invoice_amount,Invoice no.,payment_amount
72666c,56484j,6016.89,INV-30883,250.86
46991k,21639r,1141.68,INV-58043,982.56
13893f,64571s,8994.77,INV-73383,877.73
07288b,27342j,787.33,INV-72289,286.66
65044u,16411f,4889.78,INV-63619,610.22
29370x,69951n,7996.45,INV-17126,762.41
21997m,80989v,1339.51,INV-99944,58.18
70088w,84366w,7619.39,INV-75975,451.43
10868y,17305f,4806.52,INV-40123,150.18
26885v,50935v,8684.26,INV-82592,301.64
51225w,10856z,6794.11,INV-16295,806.96
17608p,08826k,8578.77,INV-10459,722.39
54048a,17246z,6647.5,INV-03461,58.35
93016r,46949a,3125.25,INV-90516,45.58
09173r,48193x,7165.11,INV-58559,496.57
61156f,02405j,560.82,INV-67985,982.36
65129i,33306o,6234.72,INV-69615,492.34
65620j,08763a,5651.31,INV-21766,883.15
12393g,33345e,910.21,INV-60267,2.1
92304e,05272w,9288.34,INV-20306,204.47
20935w,31811a,2672.49,INV-12489,15.35
88135d,13379p,5918.09,INV-73442,295.47
15870n,48159r,5118.0,INV-00760,765.69
91081z,35425p,608.68,INV-56810,186.98
38000b,98040g,7555.08,INV-09618,955.54
26009a,88474m,1477.91,INV-02963,114.28
99038i,30316v,2933.41,INV-05784,475.51
64376x,46170e,4611.44,INV-00310,879.51
27125r,21130x,4465.26,INV-79561,893.09
43851z,68625v,1348.15,INV-05037,662.74
47803x,01178w,2029.41,INV-92099,470.86
68040q,19515q,3297.07,INV-62796,536.64
49284i,97975f,6878.6,INV-73581,623.2
99691o,08480i,6298.85,INV-59198,481.0
54532h,88516s,518.28,INV-77405,771.63
40870d,96537x,7115.69,INV-93244,552.4
79258r,53067d,4111.61,INV-69195,761.17
46708y,20098s,6084.14,INV-59820,94.08
78286k,07942b,8724.61,INV-38989,722.14
32482t,71169d,7259.01,INV-74987,378.63
74328k,50316u,9318.58,INV-60248,178.64
76850w,72465g,3193.74,INV-56135,411.76
91170l,74710f,5849.2,INV-27019,809.66
24680z,55009l,979.57,INV-63064,589.48
71161w,44177v,6666.96,INV-93660,898.38
65726i,12167r,9935.78,INV-80093,221.25
90204n,90447i,4198.85,INV-07946,721.98
26653q,27044i,4923.88,INV-22037,403.89
13587k,34184c,7421.31,INV-10561,469.36
79515p,23752p,3516.73,INV-97828,534.91
23843p,71035f,8806.31,INV-96068,780.22
73327c,86523g,7831.64,INV-53684,63.47
19945e,25922x,494.72,INV-99740,559.0
92973x,31168w,5290.76,INV-19693,444.17
23943v,90422w,3777.04,INV-94773,893.69
15930y,26945k,9515.34,INV-26040,554.88
06539c,03777s,4671.79,INV-89302,481.22
50074q,43078k,6355.13,INV-73821,732.34
64805k,34230a,1735.85,INV-98568,282.02
11363w,11355g,1722.39,INV-82531,402.75
64768w,70977t,2039.84,INV-82317,812.17
33060c,35095s,9033.08,INV-66442,951.6
56018n,99647t,9844.91,INV-04044,638.26
31424l,06635l,7175.97,INV-30672,298.79
03138w,19079b,2410.24,INV-00151,635.18
07479m,08679d,9360.0,INV-85852,731.85
19890l,68953r,4708.43,INV-25872,571.36
69728l,17134f,6470.64,INV-76247,995.81
52124a,14558s,2268.88,INV-92884,663.82
44538l,89592s,9504.41,INV-38367,33.73
87728i,59780j,2383.0,INV-62727,125.52
31279p,58927h,770.33,INV-46615,382.51
92545l,31863q,32.47,INV-34284,741.37
83782q,79618f,876.03,INV-66670,35.65
69386r,80100z,1910.49,INV-09335,254.61
51511t,25337y,545.94,INV-16835,564.58
03730x,94561u,5782.72,INV-47277,679.76
93697k,34963l,2441.46,INV-21081,617.97
22852b,92508o,28.74,INV-80890,136.64
37685h,05092x,7710.68,INV-93926,590.33
70710g,71484z,6394.17,INV-85063,902.2
03052n,42887d,3810.5,INV-16207,377.55
32144d,16238e,8904.4,INV-87675,823.63
13546a,89251t,4304.23,INV-68779,406.25
55266k,36489o,4583.12,INV-99700,62.73
83676g,24191a,9581.43,INV-15259,874.98
93500b,02126o,4553.96,INV-48761,84.81
40291z,01810a,9804.59,INV-53127,105.63
61542i,77860h,9906.84,INV-35829,450.07
56429y,10590h,1242.47,INV-86975,665.85
31774r,00294z,6612.0,INV-67720,131.65
91810j,76608l,4393.2,INV-34850,904.35
04483y,23239s,7441.62,INV-36151,714.66
76830y,80777h,8947.98,INV-15072,774.76
35272p,10375v,73.17,INV-94831,940.89
43189l,44820w,6483.05,INV-68227,461.92
66673j,45749s,7257.23,INV-29243,974.52
17725n,35918e,9151.82,INV-25451,934.25
11146b,87479y,6585.84,INV-01909,742.76
17252t,06611e,9590.48,INV-72387,694.44
46552f,36279v,7835.13,INV-67161,866.7
00306m,13153h,5595.11,INV-56474,901.21
22297m,53107z,1622.93,INV-56420,849.26
24310k,27654z,3960.15,INV-59622,975.98
60720w,84940h,45.82,INV-82708,577.59
29763d,53931x,6295.07,INV-08808,851.22
08064t,62579k,9228.57,INV-01655,101.51
55395z,38619o,4642.33,INV-16211,558.12
97627y,98926r,2909.07,INV-08032,492.78
42128d,65476u,9220.75,INV-84107,334.54
37401r,65986q,3703.92,INV-88241,582.64
16652k,67643b,5182.67,INV-40241,845.27
45353q,96523s,7190.55,INV-55060,716.39
58107n,70321c,7859.85,INV-64591,907.93
33527l,89431d,1733.7,INV-03204,378.8
46154i,00965h,8333.88,INV-52240,133.49
88903l,79168r,5890.05,INV-49189,496.76
57685o,76559n,7712.42,INV-87875,640.66
00316x,58643x,752.62,INV-23619,734.69
49830e,00913j,240.74,INV-26921,590.5
97914e,82901e,4356.17,INV-08743,96.21
12366e,45475i,9089.85,INV-79265,574.69
19273y,68775h,2816.94,INV-76298,922.12
29694v,83852u,8304.65,INV-84311,278.53
32937e,62216h,8218.57,INV-91741,946.06
73583m,14302g,3346.43,INV-81747,751.51
31407v,35827a,4452.14,INV-32693,635.89
67731x,54360p,2814.7,INV-43805,801.08
87183l,12557o,9156.37,INV-24071,998.96
04302i,69698x,5267.88,INV-87262,845.56
64140g,92794j,4946.45,INV-10312,243.84
05233l,04586n,5980.68,INV-08480,176.18
46876y,07688a,6178.42,INV-07915,102.26
49850y,38665z,9458.77,INV-68207,445.07
25962k,35762t,178.07,INV-85625,124.21
35551k,95747q,8049.48,INV-36469,954.28
10546h,57943j,5155.19,INV-99551,12.1
12289r,39869n,5188.73,INV-75488,568.37
04736a,67257d,1773.5,INV-57698,328.02
97476x,99844q,2359.48,INV-97759,187.3
47299a,72783t,7697.39,INV-56375,961.85
31621f,21441p,5074.13,INV-75264,728.59
98589j,04454o,308.48,INV-73602,709.59
33463t,16447s,2739.8,INV-49489,62.19
69271x,41646e,9737.33,INV-00387,334.78
87693w,87329q,1920.8,INV-40099,398.13
82708s,16493m,1132.11,INV-64316,852.08
62819v,97922e,7629.55,INV-49205,270.32
56061i,81644u,3819.12,INV-10568,123.53
73551u,64886n,3133.24,INV-48240,859.38
81871v,62177h,7825.75,INV-72125,981.8
77099m,75504h,8253.37,INV-63946,702.5
92625o,34758r,165.79,INV-74664,79.01
48585h,37280m,9603.31,INV-89105,421.38
97634m,20100l,1213.14,INV-84350,1.63
90428y,55499s,4389.62,INV-83797,861.67
19721q,30598k,4423.85,INV-65555,995.62
77910k,87202x,3954.29,INV-54225,705.74
07524o,02274x,9467.45,INV-78244,21.06
68535b,99000h,5467.8,INV-03743,57.64
11615r,70222f,9670.87,INV-38100,885.02
05215f,76332z,3594.65,INV-08016,179.97
20820p,71714e,2028.58,INV-10312,347.28
42437i,85236c,9623.95,INV-02551,857.27
81871z,79507w,1234.13,INV-23274,944.12
89377a,64233c,8963.6,INV-77317,741.83
79887i,09582v,9643.34,INV-77776,309.58
02740d,67097b,1296.16,INV-52984,698.35
83406o,06676n,4116.06,INV-40322,927.68
43159h,98147n,2755.18,INV-25957,85.29
17682m,07510a,4627.4,INV-89697,677.23
31430l,87059x,4622.12,INV-13366,584.02
07129z,17095y,8204.96,INV-32786,372.36
62476f,42985p,7396.22,INV-29377,527.41
37633n,21696c,3407.62,INV-99916,425.31
10349b,70994y,3450.47,INV-08922,305.36
95977y,50821b,9390.46,INV-21073,420.68
90189t,76378h,3695.07,INV-43323,980.81
37315e,84886u,992.8,INV-10910,756.22
72842r,20202z,3134.58,INV-29816,781.14
17612n,94179q,8230.34,INV-50738,662.73
17017s,06814f,7854.92,INV-41888,75.72
95928i,95886q,1179.98,INV-00794,10.4
10395y,41089f,4548.39,INV-65046,188.7
83539v,48910s,3925.59,INV-91884,950.96
37920j,40023m,3360.08,INV-86469,593.06
24971x,24089h,3244.55,INV-66036,182.8
92116y,70385c,1007.64,INV-15613,2.36
73100f,95727o,5388.34,INV-13915,596.78
80944s,31172m,6964.81,INV-55599,14.48
20280u,35711l,3294.56,INV-63979,657.4
51276g,55293e,7002.42,INV-34592,827.9
28664z,38680g,594.62,INV-55558,213.25
05906o,82790u,7278.05,INV-62821,992.36
19161s,28771r,4419.59,INV-09539,740.76
35351u,09614y,9861.0,INV-58975,592.35
83030b,91155m,9085.11,INV-24610,380.76
45067v,72170x,6215.09,INV-56127,214.81
04020x,70074q,687.25,INV-62177,744.04
55191o,44458z,8735.4,INV-27001,743.26
16687h,49070y,3098.06,INV-35869,8.69
35812a,09722d,3657.4,INV-29951,884.15
78880s,33262h,1403.96,INV-44571,449.27
35016k,37768o,2500.8,INV-91973,396.27
75770x,89231l,9725.59,INV-52427,791.11
28958w,45757o,6489.81,INV-77819,473.22
00438y,74594o,8483.72,INV-47727,935.99
25494w,35739t,403.81,INV-19703,610.13
98156w,94992l,2625.93,INV-97564,358.83
41217p,54102s,7052.61,INV-20162,268.62
99659d,27491w,3895.82,INV-00280,146.81
05035o,83404n,883.57,INV-57981,920.29
48829k,45004s,4325.9,INV-09212,868.81
71670i,60372c,4103.01,INV-00047,728.29
49830b,24979r,8087.58,INV-80255,479.09
90983z,82113q,9303.73,INV-52810,439.89
41125n,48246r,4160.21,INV-77349,284.09
76996b,50186n,4093.56,INV-05517,552.95
27222x,56550q,2917.61,INV-71246,456.86
08997x,22086y,8582.08,INV-35107,208.72
51280e,79063o,745.22,INV-33294,504.01
50587b,07316k,6245.62,INV-85759,667.49
36882k,19646n,7733.45,INV-94778,636.34
10994c,61624t,8452.5,INV-24763,848.16
19454d,76478j,5670.45,INV-56976,550.88
04737f,75505v,1998.8,INV-74188,531.32
94344u,65211a,6574.77,INV-65296,109.69
48303a,80566u,6745.49,INV-14462,865.37
25017r,83700r,4981.44,INV-53299,927.48
18716c,06584q,4366.28,INV-11038,211.68
77119e,24510a,7251.13,INV-87306,191.68
35109v,17776v,5683.0,INV-09487,476.4
99134k,27083h,9526.23,INV-57808,570.4
06973v,35362i,5137.87,INV-80775,807.62
52485f,70323o,869.94,INV-40586,967.73
75859g,82576r,2626.02,INV-20192,989.55
24503p,15907t,6952.83,INV-31529,845.3
86318q,71262e,7203.47,INV-16017,209.65
69677w,86008y,5186.53,INV-06870,639.73
62124e,87069l,4448.1,INV-50682,837.2
40546y,80375l,6616.62,INV-33708,714.63
70522t,42961c,5635.16,INV-87181,716.36
75157r,13226p,8761.21,INV-16843,960.39
09251d,90947v,7464.8,INV-00858,918.21
13736e,43302n,7441.63,INV-61663,398.24
78602a,46491k,4470.58,INV-45567,783.63
48896g,12683c,4658.46,INV-04989,727.6
88682z,64072m,1449.16,INV-44575,722.57
07948s,75441l,9221.96,INV-23336,697.45
83958v,55238r,5723.13,INV-66631,995.49
90392o,85711f,7971.99,INV-73421,850.32
03394r,43037m,9048.18,INV-32539,270.38
63885i,40616o,3249.51,INV-93979,624.18
18384t,34069p,5515.2,INV-51317,331.15
82721c,59529r,2335.36,INV-82191,577.39
63081h,48197r,4059.42,INV-23626,906.78
30458t,31924z,3072.18,INV-94368,560.84
88011q,97786j,2073.53,INV-86988,871.78
67411a,44699w,8050.92,INV-09848,599.58
28722o,35110w,3902.47,INV-28052,110.69
52330q,11012d,120.7,INV-14361,608.58
47022i,55967p,6157.95,INV-75065,551.4
07002s,08115s,9245.68,INV-10207,635.18
41297f,37701s,7182.99,INV-70557,102.06
53681s,50416o,8882.57,INV-80176,98.4
14206g,40667i,1673.5,INV-20616,153.33
41783x,40289u,4090.81,INV-20419,194.97
86127p,98042c,1497.26,INV-57590,786.3
01207x,63736b,2491.88,INV-46517,710.32
08818f,10578k,2166.41,INV-26117,610.34
87700g,09535w,8527.09,INV-24924,450.84
30883v,87581r,7277.37,INV-65131,36.02
29816d,87100d,4987.06,INV-33100,816.36
97958m,70174y,4156.36,INV-24446,863.04
24221e,91946b,6671.84,INV-18794,69.21
07717y,53139o,1119.13,INV-71923,357.87
05441g,18382l,363.67,INV-78985,688.74
44146y,78799b,3595.68,INV-65875,675.91
53547u,33015v,6724.72,INV-74811,839.51
99069e,23171b,9333.93,INV-02257,423.05
12999i,81479k,4702.48,INV-91311,542.73
09277f,61092h,7560.16,INV-31192,438.81
23863s,54865f,2596.19,INV-38903,609.35
13324z,67045g,3546.75,INV-99705,268.91
04741n,59656d,9158.97,INV-34386,246.71
08614f,21539t,3949.35,INV-33805,589.12
78056h,52820b,2086.61,INV-25785,273.32
56761p,06868n,326.26,INV-25162,818.89
46345m,86461z,8775.58,INV-10426,281.3
35884l,70712f,9243.0,INV-26278,621.83
34052v,73309l,9104.39,INV-82088,495.11
83553e,91352j,7654.74,INV-52980,648.05
68020j,46921c,3494.73,INV-83648,827.14
05545e,21935c,588.59,INV-28367,309.44
29130o,59435e,7607.92,INV-88307,161.02
03828j,63894n,6896.37,INV-85301,459.63
79014c,96412p,8660.01,INV-54490,970.91
03230a,97532g,5479.92,INV-80677,778.45
30924p,23128q,9879.3,INV-04219,628.46
62500t,18814z,5606.66,INV-78418,569.07
96526g,39786t,6940.6,INV-18448,62.65
89563h,32619n,550.34,INV-11431,420.67
11764i,68373i,4554.52,INV-50596,528.8
36413v,52043u,1341.14,INV-72334,658.76
13153q,39623y,5348.1,INV-83572,689.05
70021h,48657s,7770.16,INV-34916,813.21
18313q,94865j,7743.43,INV-92898,923.45
40472b,83697b,9051.27,INV-93596,340.85
66128c,85676d,9451.95,INV-18706,818.62
03682m,36823t,7408.41,INV-66684,758.78
78142u,46475j,2489.69,INV-32894,470.38
97406w,77753j,5323.24,INV-85695,353.73
11437p,63102u,8807.26,INV-36350,41.05
42161s,68966f,8239.47,INV-63586,75.96
05114u,47029y,3223.27,INV-28830,141.57
69673w,09800s,4185.79,INV-33680,655.41
98785c,63246h,9912.89,INV-88024,167.99
05580w,59962u,4254.59,INV-30743,594.75
33747f,03934m,5578.42,INV-75514,291.0
04361f,76851z,7751.11,INV-95193,356.01
46781v,07085m,5577.4,INV-99253,860.24
51328f,43977w,1907.47,INV-27241,173.68
56040n,63641b,8290.56,INV-71380,23.75
45863g,11587x,4260.45,INV-65840,985.19
66181x,76220l,4043.75,INV-11614,32.85
32038l,29509b,703.32,INV-32443,674.76
36987n,54110c,9871.86,INV-27078,512.66
18410b,28438h,9952.48,INV-37788,410.36
63456h,50660c,1854.85,INV-59379,829.41
53897h,98627g,1805.05,INV-22858,78.43
61782i,44923w,3821.33,INV-35002,954.7
30722d,94524o,9543.97,INV-45281,164.26
98249p,25198g,2711.36,INV-69146,415.0
12231o,04974z,5754.09,INV-45500,698.11
27035j,57568f,6132.89,INV-52033,548.07
39735z,26064g,3574.17,INV-44292,62.7
86118z,99904f,2348.86,INV-81904,648.02
08841u,61934p,7742.39,INV-98947,180.74
65643p,59386m,5416.61,INV-58449,828.43
42111i,33772m,9839.09,INV-45468,462.94
44217m,17944f,790.64,INV-69453,404.52
80437u,67317f,5860.13,INV-29403,247.74
32842n,43254d,8285.62,INV-96633,832.86
28791v,93938j,2290.16,INV-29405,455.58
59566c,01538o,6029.69,INV-41403,497.97
33563b,86643h,626.26,INV-31252,33.24
23737m,82453d,3413.01,INV-18674,342.9
59231n,92039u,9228.62,INV-15475,591.58
18842t,50166z,119.09,INV-68169,868.7
97738e,03135x,8588.0,INV-26518,371.55
54968c,13488o,7000.01,INV-70096,438.44
42639f,10362s,3840.76,INV-70942,342.5
78978y,83987a,7923.76,INV-80141,554.46
59042u,65097k,687.68,INV-67091,780.43
58046g,11197r,2837.38,INV-31836,189.72
84889k,03973q,1375.2,INV-39834,433.64
12321t,34081v,5318.64,INV-16442,958.92
56629w,29871p,3907.61,INV-29381,55.17
34936f,99229e,7338.62,INV-40611,662.44
09896y,68958o,203.61,INV-97401,447.63
78880o,26269v,8654.74,INV-10171,824.08
84086e,59191m,9877.02,INV-43594,685.88
88446o,68995x,5818.47,INV-56570,70.08
55740b,07060r,6462.67,INV-89385,623.78
06456m,31974b,6037.89,INV-75749,12.62
43130k,54902l,197.04,INV-34869,104.26
29099n,07374j,6076.25,INV-46317,603.34
20330k,02627b,8077.6,INV-76886,705.25
71342x,78553q,274.15,INV-40872,157.34
68041a,29084q,7594.87,INV-42847,845.12
96665m,81829a,1200.14,INV-88231,12.65
35897r,08781s,5283.71,INV-36927,929.48
55326a,04496p,2263.05,INV-30779,509.91
19391e,38262o,6452.2,INV-67996,812.98
37805e,34511d,7846.41,INV-74824,148.81
49503p,17247v,3688.79,INV-83445,891.4
46194p,23763s,4456.21,INV-13674,841.25
44053z,26606c,5505.31,INV-52637,660.89
97725j,63997j,2647.25,INV-93574,801.1
91906i,11450a,5319.81,INV-39083,878.14
41439q,53133d,2297.56,INV-42047,428.55
38205o,96785h,8575.32,INV-80170,593.92
28782w,51451h,6490.54,INV-36687,0.43
85310t,67110k,5376.86,INV-74440,16.62
91928u,98608e,1386.59,INV-73295,626.66
16628d,27599h,7524.62,INV-02443,563.13
60797w,95217n,3405.09,INV-93558,421.6
50613e,72740o,1892.07,INV-70657,579.92
75697i,84874z,8812.57,INV-69366,114.16
98760v,82479b,7503.49,INV-62589,969.41
23803u,19347f,7724.7,INV-49448,862.05
92324m,21572a,2283.17,INV-46094,751.43
75031w,45137w,5792.6,INV-31747,384.76
99417p,77127b,8809.91,INV-65195,371.02
23803k,93666t,9140.7,INV-10693,604.51
22260s,70326f,944.11,INV-56234,243.28
17008v,92405g,9279.88,INV-60619,215.52
32909c,37544c,8664.32,INV-45025,5.27
03842x,18998b,4715.73,INV-13405,69.07
75293z,38981l,5097.97,INV-16763,355.21
33446a,31124m,2075.34,INV-14022,151.25
73519e,40512c,1877.6,INV-85083,48.95
61683z,10096g,8823.81,INV-62933,746.91
65973f,14533b,3049.71,INV-05388,366.44
29209t,31623q,263.1,INV-58483,163.64
07114y,32623b,4131.31,INV-51840,641.51
56730p,58012m,5060.1,INV-74854,532.35
07519n,91862d,311.81,INV-01382,740.58
38781n,14121m,4235.86,INV-17521,906.05
61403f,04352t,8089.3,INV-94665,202.41
89820u,55664o,6438.52,INV-59446,199.75
70305l,02669e,1036.31,INV-37895,906.1
78874n,12141i,2157.52,INV-84875,261.94
27777p,02294e,1902.22,INV-21584,501.08
74934b,83177e,847.73,INV-35856,871.79
43356q,36858y,2691.62,INV-73231,456.87
99012q,27995h,7524.98,INV-35278,919.95
00201f,81652z,9093.96,INV-65165,689.11
38781i,65479z,2932.73,INV-54219,688.37
68619w,82277j,3834.86,INV-57779,724.29
64124n,52687g,4270.86,INV-13504,323.44
36156e,21379l,1217.07,INV-93176,891.23
84458m,33522d,5479.92,INV-52044,359.59
69178p,53376l,4385.7,INV-02406,655.02
77472x,41172g,4609.68,INV-15671,786.7
45040g,47735s,5192.9,INV-05684,237.58
51143j,29957o,5568.5,INV-17776,800.11
24290c,46672c,8203.51,INV-96081,568.87
81861k,89358z,3080.06,INV-73223,561.47
26800w,09222j,9142.2,INV-46979,456.41
23930y,20935p,4844.72,INV-61109,77.63
96413c,53089x,9291.57,INV-14103,298.25
22942r,04677o,654.32,INV-78375,968.12
07979e,89018n,966.44,INV-06566,403.67
07344a,38749g,2827.92,INV-37451,475.76
52507n,22475v,2373.57,INV-05993,519.57
33707i,10344e,5779.11,INV-83695,272.41
74204i,19884b,7393.83,INV-74850,249.01
77999a,74260g,5023.93,INV-91141,886.67
56695t,08772u,2656.14,INV-78920,81.34
03811q,03648c,1682.67,INV-83846,121.27
89385n,73523v,7579.4,INV-58901,302.58
12437d,19841r,3059.47,INV-34818,261.27
78199g,21624d,788.39,INV-62415,501.04
60586s,70297d,1993.87,INV-05654,277.16
51353z,49782r,9705.88,INV-05331,186.74
75999u,15055o,5282.74,INV-24469,176.33
88104k,00523b,4944.04,INV-35706,115.43
54070a,55717u,5107.65,INV-45217,234.38
16071w,13354x,7497.83,INV-91422,84.55
00305n,44306y,295.87,INV-18782,216.47
66639m,80166y,38.18,INV-11986,50.33
75009i,96787i,4181.8,INV-33653,322.0
29021m,87585v,2713.08,INV-58065,263.32
11697x,21162s,1747.8,INV-40788,492.12
33707i,23336g,8016.14,INV-78979,726.66
35689o,10195u,3056.48,INV-44912,190.83
01615j,65309l,1160.89,INV-90623,866.97
93690y,55485l,918.24,INV-92082,81.36
84197o,50165o,640.07,INV-76252,98.22
80622l,16839v,3950.76,INV-60479,727.75
06751x,50653i,4983.86,INV-79789,938.88
69047z,65395v,3367.67,INV-47175,728.75
54996i,55957h,1928.07,INV-23550,976.64
82079l,00345v,4656.28,INV-03315,574.09
63493z,55244v,6020.24,INV-05213,443.23
03932o,34644y,795.05,INV-42826,203.94
26949m,16785t,2009.37,INV-52533,168.28
38044d,82679p,5985.54,INV-21049,620.51
74386p,90045c,4902.47,INV-87118,258.97
44756v,24118j,7190.91,INV-50480,944.48
04746i,68414p,5948.44,INV-57078,636.61
97024f,53942z,2501.73,INV-15222,816.12
24802o,49444h,4924.42,INV-09392,992.28
37434v,40681k,7217.89,INV-23886,354.39
88095e,35855a,2961.91,INV-75930,434.11
90299i,87661g,3117.52,INV-53027,71.0
52804k,40996v,8060.76,INV-06241,662.92
10101z,94100z,4313.49,INV-76961,674.93
55109q,18457y,0.92,INV-56684,217.92
91064m,41923p,7137.7,INV-93749,494.6
92692o,00506a,7550.85,INV-03312,338.39
20726m,66534a,7984.17,INV-73642,79.71
26389m,81906o,3914.21,INV-67991,961.24
07549g,94439z,9465.79,INV-22738,4.0
91600l,86272s,2379.59,INV-54150,221.56
78034d,60552o,5313.34,INV-73481,694.79
46385a,11325r,4067.67,INV-05031,797.96
92844r,74528r,1013.84,INV-26546,503.13
09766x,67979h,2647.49,INV-07662,416.57
90153i,56125w,2399.12,INV-25202,269.83
05682t,79742h,8469.03,INV-43089,3.88
76685f,93019h,9719.55,INV-07720,3.18
82486m,97846n,8349.9,INV-70158,233.75
06604z,28850l,8830.17,INV-15385,214.83
68908j,20827j,4075.99,INV-69517,290.56
85501m,53324k,2752.29,INV-01880,544.55
56563r,72324m,5584.57,INV-94604,735.78
18070f,76822t,8722.95,INV-32638,317.53
85315a,25840e,8734.89,INV-90941,71.09
95232l,81792x,5741.75,INV-94272,305.51
76877t,45012w,9178.19,INV-18615,658.77
17243u,04200g,700.89,INV-16438,151.02
30890t,81891n,2469.94,INV-01422,968.79
17516u,50334l,285.91,INV-89314,91.56
69863t,97093m,3070.42,INV-13416,805.48
42136x,37806e,9950.36,INV-43116,554.58
42722m,81284n,800.91,INV-30552,398.48
50944g,26158a,3889.51,INV-69667,968.95
74441q,08533y,2017.42,INV-84680,79.77
23239h,35813m,8181.34,INV-51849,280.11
69419m,32743y,4749.04,INV-18326,748.3
48496b,05528r,3645.29,INV-27587,305.36
29790j,84094e,9802.35,INV-61054,232.11
45677c,01511i,226.22,INV-54408,733.59
14548z,77368m,614.78,INV-58635,774.14
10262r,23468r,8051.34,INV-64095,195.62
03470x,19629f,2240.18,INV-28429,897.54
75858k,40617r,4880.41,INV-53945,137.92
42201u,46040m,5355.4,INV-14831,917.13
60869b,64818r,9302.0,INV-23237,474.16
96000a,18027l,2991.29,INV-31267,221.2
32845h,20369f,6064.65,INV-48184,325.87
79113x,34059d,6569.11,INV-95887,336.17
40659f,99220w,7951.81,INV-99531,777.46
32542x,19347a,6533.04,INV-73524,52.49
98566y,14410e,2915.9,INV-27957,391.18
12982s,94012b,5069.04,INV-85507,352.58
41962h,08796c,2144.14,INV-88917,222.82
30568q,54929v,1444.03,INV-56303,407.62
38441s,28499w,6877.34,INV-93527,868.27
70818x,17076m,269.43,INV-46896,27.8
98889m,22063i,6385.04,INV-87320,988.5
56699u,60230g,4573.68,INV-16986,843.67
90482y,34109f,9365.48,INV-66242,721.31
38110h,72493h,4190.2,INV-73797,77.4
74606c,61988i,7402.9,INV-88467,346.16
90293y,53330b,6226.35,INV-44139,85.53
20761k,08780c,6639.64,INV-96404,101.78
54719x,74252a,4514.48,INV-87256,648.49
85816q,38648y,7647.7,INV-60994,930.05
08667u,15061n,9653.59,INV-47003,966.61
01426q,27941l,5980.22,INV-33320,828.12
17425p,50150r,1446.07,INV-13601,555.19
98328e,84204d,2690.2,INV-99832,866.62
47394t,69646w,6009.47,INV-97429,470.1
25831q,68975q,300.34,INV-84579,896.11
64010m,29219w,3076.19,INV-74190,320.89
98362g,13057n,3086.07,INV-43563,454.31
00721o,51268h,8889.91,INV-46142,823.22
85193i,70367m,7612.57,INV-84122,268.05
82586y,70270z,5256.64,INV-47925,613.15
12958q,73673y,8347.68,INV-48717,274.57
39108i,31858e,3475.71,INV-13354,451.93
34870m,78343x,5114.09,INV-89130,325.54
94843n,28407i,8043.51,INV-05328,570.92
54330w,49638z,9807.13,INV-85098,199.94
12293e,45576z,8366.39,INV-00236,643.25
93093y,49271b,2289.17,INV-22599,202.36
60867k,37863d,5490.68,INV-49043,90.09
62215g,57626n,7416.76,INV-84649,487.25
47422c,88290i,1432.79,INV-52226,978.73
79440h,58947n,9744.75,INV-97043,585.63
35584s,97742f,4326.81,INV-89343,193.16
99860x,85927i,9253.65,INV-83183,212.09
30242m,05777q,3602.71,INV-19870,854.42
95482m,07234h,5526.58,INV-55168,76.72
14397e,52334y,8680.79,INV-69104,437.48
27026m,68796e,8070.4,INV-33107,460.18
46322q,40478n,8662.52,INV-80012,227.89
44861m,01818u,617.3,INV-27521,803.66
68998z,47243a,3006.51,INV-47096,138.92
62779m,35135d,2131.95,INV-17685,911.38
42686v,36101x,7046.92,INV-35220,580.88
13478w,88293u,8136.78,INV-54496,983.03
52356l,19276n,2930.84,INV-16900,497.67
38198d,20249i,2128.11,INV-05713,470.72
90847t,45106h,1101.35,INV-37949,135.62
48681e,32344b,1749.45,INV-16600,568.71
40176o,48578j,7961.49,INV-07339,323.15
30541k,96724w,1883.5,INV-29394,872.71
37698g,50529h,5968.62,INV-21965,179.02
38374v,55757k,79.76,INV-17409,282.3
76850s,17998k,9466.19,INV-52584,10.24
21580j,73972u,117.5,INV-52231,69.39
19568t,51911s,5521.88,INV-53397,5.17
52644v,54160p,492.97,INV-43672,665.95
04364q,84813l,3028.97,INV-66596,612.7
36703e,48732t,2258.35,INV-89889,844.82
16684a,71723c,1907.31,INV-10933,548.46
62685z,39872m,4817.76,INV-55961,711.94
48100e,11965r,7631.54,INV-78001,513.86
12266o,67958u,8487.24,INV-31213,572.23
00758r,81630x,7504.73,INV-13416,541.39
42372y,47077b,5994.24,INV-91947,287.04
50741f,90430t,7135.94,INV-01067,960.88
50345k,43675b,1253.3,INV-92566,607.79
07100h,53985b,1961.12,INV-30856,981.08
00068p,82697f,3650.89,INV-15744,3.41
45567n,20677m,5190.39,INV-06164,115.0
80728f,63336x,5744.99,INV-41728,663.98
15921i,18782k,9570.58,INV-52409,334.54
74788p,43270p,2792.35,INV-90331,766.17
49948v,13573p,483.29,INV-38938,890.69
18932d,81273q,9434.56,INV-30604,472.05
46783p,12016y,8587.84,INV-61648,480.46
76575u,01068g,4254.95,INV-68571,962.14
03270q,11324g,1512.19,INV-98939,494.83
18550m,38623o,1677.18,INV-90160,822.75
21332v,37866j,4606.26,INV-87732,966.9
89017g,17912o,3668.67,INV-90945,987.64
35399k,40958g,3349.58,INV-39334,461.93
98058a,38150y,6121.87,INV-71418,519.06
40152d,29694d,1685.82,INV-03036,39.67
58310d,79437u,5114.92,INV-22583,322.29
28777t,34899j,5249.9,INV-32458,718.01
37456s,52155f,2048.54,INV-66417,589.92
98128w,81863l,2949.46,INV-89678,659.06
46438z,73430h,9593.06,INV-28787,343.02
22067h,21948b,6599.94,INV-80793,164.47
23195n,56644d,6476.2,INV-75259,46.84
95234k,48998d,8166.06,INV-47760,438.22
84755l,75323o,1846.33,INV-93572,528.62
70459i,11314q,8450.89,INV-88391,795.26
24344o,72696s,4899.09,INV-54618,377.28
01893e,34063g,274.18,INV-75222,49.66
04478m,00081i,1533.98,INV-88029,923.65
87906y,14744u,9127.0,INV-03420,785.57
79745n,06952r,765.9,INV-89668,0.93
08061r,78283r,5292.21,INV-70828,782.98
48244f,99741w,1318.05,INV-86097,520.24
08866d,70356m,3434.3,INV-25387,909.98
64590e,73019q,3286.88,INV-01540,233.38
79210k,56360p,4916.38,INV-93749,10.41
66467w,01653u,488.55,INV-16461,683.95
60596o,84528d,5170.05,INV-03467,13.81
00645x,90739q,200.01,INV-67195,607.31
11563a,76585x,7909.12,INV-00066,559.17
33822l,68901d,9874.15,INV-44179,692.55
69809s,14557h,8062.45,INV-79073,154.79
20900z,21467h,3345.7,INV-83501,369.03
91479s,24333n,9609.7,INV-87279,8.48
52850r,13830d,3905.46,INV-70901,901.08
69868h,25474r,6242.48,INV-23378,94.85
55948g,38656w,3988.35,INV-74920,76.98
79752o,09533i,1517.51,INV-62622,93.57
57880w,94041f,5445.95,INV-43320,595.84
96364g,68750y,1985.17,INV-86651,647.28
39484i,85834a,5019.06,INV-92149,801.39
39443d,33768b,1776.34,INV-01431,796.04
92083a,57789j,4982.1,INV-41999,779.38
04715e,26283b,2882.19,INV-30218,968.06
67641w,80515t,7300.21,INV-85892,770.62
84120k,03479k,3910.52,INV-05774,353.33
16213i,71446y,1128.86,INV-04070,173.41
12824u,48655m,3484.67,INV-30205,245.78
42314x,32988l,3850.97,INV-18858,524.02
06745o,02989p,7034.25,INV-27533,926.84
71039k,03167a,5279.4,INV-36896,261.31
75123i,60125s,494.59,INV-46972,201.41
93366u,83313z,4213.83,INV-24561,130.75
37783s,99420x,7782.96,INV-70820,484.82
92931j,43471t,5180.82,INV-40948,717.61
08756f,69197p,7579.19,INV-34590,183.5
96415q,93601r,545.81,INV-44363,716.38
43284d,58124b,8779.05,INV-50108,529.12
84786b,79850n,3878.12,INV-26083,602.55
45137s,55733d,9172.36,INV-58767,690.31
82544n,76086v,8363.42,INV-43704,302.22
71853m,71365g,8097.15,INV-11341,926.11
50090q,46433s,7278.28,INV-68650,643.19
99881w,23079x,7895.81,INV-83633,395.92
80768z,98605n,1294.77,INV-04400,790.87
56363p,79756i,2026.8,INV-89678,863.69
58352k,40690f,1127.91,INV-07649,620.71
94391q,09794q,1454.74,INV-25472,411.1
53896t,67929t,3377.22,INV-89367,743.99
87852j,23188j,1191.75,INV-95324,643.47
50355v,14298z,9864.7,INV-29951,327.26
39527d,80433g,8921.26,INV-59258,732.49
40112j,10706g,7799.64,INV-59918,164.17
62652j,59053a,1006.31,INV-89764,889.6
16280q,43105t,9767.6,INV-58398,500.17
56676h,61223a,8980.28,INV-00260,803.72
02874o,89623k,976.28,INV-87541,69.88
42034g,51129h,9633.57,INV-71133,222.19
32498p,24377j,865.66,INV-03612,8.85
46531v,01075q,9928.11,INV-51510,437.19
43797g,27065z,5154.02,INV-44962,181.87
69024w,05927m,3244.21,INV-61026,541.15
44933g,75961y,906.49,INV-72371,464.25
50724q,30666p,1828.86,INV-31532,464.76
46429e,00530e,9615.56,INV-31583,210.99
63877t,62430d,9400.67,INV-65528,876.76
31516r,24815n,5607.53,INV-49735,939.38
52658q,95589n,1240.72,INV-79048,577.73
42223x,53088a,1117.17,INV-95390,964.03
63690g,23724o,524.28,INV-70635,511.05
11430o,18285o,7073.34,INV-74893,507.04
58836j,83787f,3379.26,INV-33600,402.74
96153p,74464s,1803.74,INV-53191,704.78
32326t,41263m,6205.3,INV-31081,0.07
73744o,96363a,4279.09,INV-93712,512.29
36916d,48478r,6833.81,INV-22311,910.34
28454h,37684h,8953.95,INV-74372,902.18
27494t,49589o,1567.19,INV-71661,79.63
03577v,30278m,6571.41,INV-14276,82.76
56630z,42923g,2824.79,INV-42144,615.6
19240a,32339j,5054.66,INV-15906,712.78
07126z,88530u,4585.79,INV-62755,514.15
42103v,73996f,2869.26,INV-17220,370.8
84898z,96394q,9627.94,INV-22373,408.53
72450n,43542j,4864.67,INV-00022,678.11
54525p,97193o,1029.25,INV-57163,418.13
17708d,04984o,6183.41,INV-38842,737.74
29094r,79686r,4910.61,INV-88390,572.14
85002b,54885i,3596.01,INV-44089,648.8
27569w,85372u,3743.84,INV-63366,150.18
91602k,48940c,7549.58,INV-54894,448.08
12246s,03279s,9851.33,INV-48227,99.93
38083s,70089o,2361.49,INV-76582,151.91
60381k,08477j,915.73,INV-41015,930.38
75874f,40760s,3325.37,INV-44207,382.58
72608p,10118c,3201.91,INV-65611,812.82
89862v,61415h,606.84,INV-56433,928.26
03338k,80776a,2703.07,INV-91986,851.72
28451e,45781f,2107.98,INV-42960,645.94
25007g,51213g,5059.33,INV-97781,263.31
86509g,12574d,6752.07,INV-83000,49.46
67208z,49711q,9316.99,INV-58368,3.01
99703x,29986y,198.99,INV-52029,742.61
87563e,83085t,4667.05,INV-73987,980.29
71512e,87229e,314.53,INV-60601,134.57
65044r,74927i,6444.06,INV-14880,331.71
30290q,33660f,9516.73,INV-95166,66.85
12534j,25098f,5171.22,INV-15833,249.6
11299y,75194h,6444.16,INV-43405,932.88
30591r,57783t,6580.06,INV-06426,317.93
14235q,98212v,7582.7,INV-91406,868.46
76155t,60306s,4263.74,INV-70965,356.59
00133x,28922l,6343.31,INV-04007,852.18
15762e,11468p,4886.93,INV-03304,807.31
89033f,71984j,4064.29,INV-32320,383.79
98201q,00281a,3038.31,INV-51770,360.89
22829j,66528o,9711.01,INV-89383,159.12
20736a,02258j,8816.88,INV-54858,309.95
28895s,59497y,76.26,INV-57562,540.87
33534o,23614p,3913.69,INV-86605,146.01
03119g,70349i,34.43,INV-14074,599.69
95810o,88421f,1034.36,INV-99025,134.45
94300g,35272g,2887.27,INV-42413,0.83
49320k,56482h,9343.6,INV-72960,348.56
21699r,23300u,4103.08,INV-33195,32.84
55780b,44911a,5686.74,INV-32970,282.77
55663v,60845y,4873.74,INV-86627,257.15
58119l,27959z,7620.89,INV-20330,462.48
69342n,93609x,5370.26,INV-40998,997.92
96014u,13471z,2938.21,INV-03329,643.47
12611h,31616f,6994.57,INV-22139,37.07
46525c,49103c,7091.45,INV-56458,160.2
17366i,38687t,5268.85,INV-56813,685.6
12779i,62184c,7872.98,INV-90274,873.09
63375t,04083k,8998.5,INV-37051,104.94
91594a,47040x,7388.47,INV-05359,392.82
93019g,91672i,392.48,INV-36494,964.12
77783w,87293c,6930.36,INV-84704,514.27
67384m,56889w,4497.73,INV-65096,660.15
96390z,14942m,2493.28,INV-42245,462.02
36560s,23211y,6635.3,INV-73766,922.95
77552d,12291y,9366.91,INV-87260,625.21
94369j,02774z,5333.81,INV-30997,861.37
02102o,78855u,434.84,INV-07272,675.72
36158o,90370z,7804.58,INV-61333,43.75
00406x,91434t,7043.58,INV-03362,240.92
39819q,12636l,8421.22,INV-23261,319.64
62673p,94668e,6349.33,INV-61372,957.64
24312s,30901a,4675.88,INV-22374,96.18
63432h,44480e,5226.05,INV-55708,178.38
59480n,01465l,9888.6,INV-32428,841.58
93690a,98433g,3483.07,INV-28201,990.02
01032g,27752o,3430.37,INV-02519,892.43
20030w,59049z,5322.44,INV-81380,147.7
37712s,68199s,5517.63,INV-31902,308.93
52376q,43271z,5259.09,INV-56412,935.44
64382d,37944n,7334.77,INV-75461,989.97
75479u,86407m,638.06,INV-82866,131.68
98240b,42469c,7466.89,INV-21875,971.56
28325p,43047p,865.62,INV-80143,671.68
31301k,00552v,4715.74,INV-27100,330.17
88265m,50530n,7181.74,INV-15390,889.89
47720l,69722i,828.03,INV-94982,973.13
86823i,30089p,9662.68,INV-80611,63.09
58605v,15904l,1540.13,INV-79624,330.29
27496d,94403h,4010.03,INV-08343,426.2
18843v,49166o,1921.54,INV-53421,933.76
51394v,41579k,5430.29,INV-02472,109.65
63365i,98304b,3262.24,INV-35261,719.28
17919f,46448h,6834.61,INV-65977,123.44
97644d,75942e,787.1,INV-32099,94.24
68059v,04364c,5650.48,INV-47547,413.8
41519c,03506z,9980.63,INV-39787,389.84
90893q,41950y,2871.32,INV-82996,776.74
05933t,49740h,3248.15,INV-36579,235.15
07548r,43118o,6004.5,INV-77127,466.17
99416e,60714v,9812.31,INV-57119,137.82
03242j,22446e,9280.42,INV-39932,913.78
58360y,41187i,304.67,INV-24563,289.85
71923l,32803i,7928.25,INV-58955,106.06
81075n,02767n,4510.52,INV-16436,782.91
82945j,14423j,3998.83,INV-80258,986.09
76009e,07719n,130.44,INV-26240,633.14
15219u,94169x,6224.61,INV-10683,15.98
06471i,63527m,6234.38,INV-92735,217.52
71325v,36001a,9304.07,INV-75315,539.73
25199q,14432z,6201.41,INV-51164,149.81
42471i,76156n,4119.31,INV-15534,112.85
55978h,52606x,2529.04,INV-65013,677.61
91912z,50489k,5277.82,INV-67701,889.39
03038z,63139z,6518.39,INV-92045,309.28
72130h,33642j,42.59,INV-00597,343.25
02934d,32448a,9046.28,INV-97640,457.34
84985z,91185n,1839.21,INV-18720,71.45
25438k,39245y,1448.04,INV-79684,434.32
59347l,36035l,7454.24,INV-10350,487.0
44248x,54344y,1344.65,INV-08436,189.53
09071u,39866k,8328.24,INV-03889,983.95
12161i,12729e,9662.69,INV-63184,211.48
38616n,80114b,3570.71,INV-95140,878.91
75267x,20675h,829.67,INV-75847,934.31
14268w,78847b,2957.44,INV-53918,605.9
51846p,55864p,9814.2,INV-83189,38.74
26765g,46357v,8910.76,INV-36588,383.5
52001n,38404v,2570.02,INV-21216,12.01
70770o,61147x,3990.96,INV-91935,144.44
70503p,21360o,4057.87,INV-26799,925.94
89054v,50545b,5865.14,INV-75259,744.26
79772b,93801q,7172.24,INV-22387,17.66
29506f,61274p,4885.07,INV-63773,873.76
28574q,50807y,7450.04,INV-10713,489.44
33928l,17634t,4829.16,INV-40944,419.0
24956d,84607q,3947.95,INV-93165,633.45
97978w,56376q,7355.78,INV-25523,831.73
62267j,33394r,6991.34,INV-65352,46.47
26104g,43650w,4624.7,INV-66443,16.89
92094n,79967s,7638.26,INV-15190,349.17
23484b,06511w,7061.61,INV-01475,568.53
72948d,05402e,57.29,INV-11138,295.79
15049m,62568h,2731.94,INV-61681,922.48
05161f,80033r,5971.01,INV-36442,77.21
23668k,73853s,502.28,INV-89837,808.47
13209s,25961h,8356.88,INV-20447,500.45
38914n,94446s,1575.98,INV-17267,676.78
86210y,09386q,5827.44,INV-73275,750.87
66786t,18764u,7561.04,INV-03322,909.8
25434r,68699x,4100.58,INV-99958,148.68
18791s,89702c,5575.31,INV-58643,452.51
84683y,21213c,5021.24,INV-95956,249.84
15819g,31160n,1404.85,INV-54585,195.08
67496k,32500t,1193.77,INV-27363,162.48
20715z,73265c,2871.44,INV-42925,886.59
23525d,54206m,3781.11,INV-79597,30.13
89910u,20937c,6585.16,INV-61287,531.3
85784u,35051c,3901.33,INV-16817,769.15
37077i,79126l,6699.35,INV-66215,658.63
16555p,14033h,9305.75,INV-81666,385.37
35640z,27239t,7255.95,INV-04093,282.93
79095d,28129i,3447.71,INV-20454,220.63
02730x,40391j,436.11,INV-51884,730.18
71172j,57658s,6506.68,INV-35236,979.75
06869d,37528q,6100.39,INV-85172,68.56
76581c,26492f,757.54,INV-05873,47.49
88099d,70840e,2045.66,INV-49716,724.0
31509m,06996g,4263.78,INV-44817,552.36
16081j,66576u,4817.77,INV-75000,472.28
20974h,13688k,9734.27,INV-53140,823.28
93567n,81333l,9513.11,INV-96669,280.18
37070j,53327h,2563.91,INV-46951,243.69
04117n,41517s,3013.51,INV-37507,48.48
75970d,67839e,8811.26,INV-05960,950.87
44525v,17171y,5293.85,INV-78117,356.7
67571b,39816d,9905.33,INV-43049,606.66
39579l,17081i,7243.53,INV-14390,532.57
01143u,84422q,6281.37,INV-48418,221.71
05786a,44974o,7030.21,INV-29743,37.83
21025d,62290y,4231.19,INV-72528,161.11
48691d,48139b,4581.52,INV-01570,306.83
73139c,24819q,8657.92,INV-63867,128.07
15616w,51168q,7969.65,INV-43132,77.28
10151b,47201b,6441.59,INV-41189,543.27
84925r,47484s,3171.04,INV-54616,341.48
60922q,88142d,6538.51,INV-02424,300.22
73877s,10023a,6264.67,INV-34360,718.31
60826l,30367v,8130.23,INV-18739,562.54
76174h,72235r,4296.27,INV-60320,327.66
46534v,46741p,8566.78,INV-68157,35.27
74678i,71746x,4813.87,INV-26711,896.9
02584b,48074f,1262.58,INV-33542,516.22
74044e,16222f,2452.77,INV-35728,402.61
34518m,23349a,815.13,INV-64741,171.55
16428u,79052a,9467.14,INV-21323,862.28
20340b,67214t,1137.38,INV-92577,768.68
15381l,61198m,6917.41,INV-58491,430.35
07709f,13647p,5991.06,INV-45569,665.16
12379x,05131c,8023.69,INV-99974,667.76
62193r,39264k,7681.77,INV-82962,781.59
74070g,73050p,6403.94,INV-43686,587.38
08797l,88294n,5425.41,INV-27531,533.73
93804u,89958n,4968.34,INV-76291,48.51
40546i,34039s,9684.6,INV-00019,31.68
47135d,74842p,6699.17,INV-98075,335.42
51492z,83953d,2217.1,INV-06453,452.78
54222h,48808x,1898.37,INV-78423,800.48
63591a,01887l,7265.29,INV-45919,793.03
24651w,56577c,4619.82,INV-55314,557.39
28923r,37833o,3171.48,INV-48753,588.87
28672e,79476e,7205.34,INV-85286,690.75
76365t,01732o,7111.59,INV-34481,645.5
12053g,01982d,9459.3,INV-19580,905.74
48249o,15167q,4081.49,INV-76114,306.05
70373y,70517z,619.6,INV-80421,230.56
52298s,67677s,8031.05,INV-35258,847.5
12506t,01817s,4606.98,INV-40197,454.17
98212h,73563i,8712.66,INV-09324,373.25
78781o,57375h,6225.18,INV-85959,447.63
37059d,23990p,6426.89,INV-13970,782.25
86630g,71893v,8113.16,INV-99731,673.36
54835c,93139w,528.33,INV-00706,969.96
75118v,10581f,7827.96,INV-42647,37.78
90810b,98293d,1195.04,INV-86658,622.16
22362u,56034c,25.45,INV-82518,775.29
35672s,81852z,3426.16,INV-00787,271.66
33747f,97903b,3247.64,INV-84421,477.68
78863j,63797i,3676.1,INV-39437,149.36
04028d,89565d,5475.2,INV-32373,541.48
81995d,63445w,6426.21,INV-85713,278.29
96813l,72137u,9995.92,INV-45579,192.1
93620b,21522c,8472.18,INV-46048,139.47
39219v,14938r,2376.48,INV-77900,361.58
48240z,67213c,4356.87,INV-58145,359.0
87060z,59303c,2568.27,INV-75886,705.95
50206l,25464v,6963.63,INV-15013,378.37
07348u,10734u,393.79,INV-08810,878.05
67241b,82218x,867.05,INV-10596,672.77
26089f,59046z,5061.47,INV-89173,873.28
12877x,54519s,1835.94,INV-95236,752.3
02382f,00976k,1566.45,INV-77367,983.05
55526v,60801g,6320.08,INV-76048,765.72
40985j,00167c,7034.15,INV-87595,811.85
30060b,31916p,8344.08,INV-02654,304.35
21504f,58766w,302.71,INV-58932,399.05
47573i,19061e,9743.84,INV-61134,946.63
10528z,46749c,6177.22,INV-36053,265.96
67544c,72587z,5505.73,INV-84827,220.89
45658a,91754r,5648.78,INV-93346,869.44
79274t,88899v,7852.75,INV-04942,40.66
00119n,59552u,9740.63,INV-53844,165.54
03800f,58373w,7034.66,INV-78376,429.64
31336i,97210j,9524.56,INV-82695,634.19
02327d,72706w,4327.18,INV-58665,698.15
20114m,26909k,7334.36,INV-79243,133.31
97838a,89233y,2900.63,INV-80338,272.31
38196x,33453f,4565.81,INV-91839,730.16
65140k,24304g,616.3,INV-90640,859.22
11111n,83556e,8834.05,INV-69561,829.47
45492i,24667p,3575.31,INV-34594,672.88
35509q,99936z,1106.54,INV-67153,229.58
06528b,50639i,8281.98,INV-59564,732.13
00572f,55781p,9271.22,INV-30395,66.28
65787d,30627i,6941.5,INV-47885,331.1
43446u,09726l,3453.95,INV-42096,295.93
26109i,92782s,6592.81,INV-61962,47.88
44463n,97720d,1456.63,INV-81003,214.79
19178q,08060d,4076.72,INV-81750,498.0
81001z,40067n,6600.71,INV-49989,238.55
63358d,05796x,1283.35,INV-08733,49.96
85493u,76679l,8680.88,INV-09903,821.83
11789m,29123f,7328.16,INV-20940,320.09
66029x,25803f,6518.04,INV-17232,654.95
68859a,21588y,5740.11,INV-80777,217.53
32358o,93457n,7288.55,INV-08959,536.47
43177s,00548y,1329.28,INV-80945,83.74
41737o,15692c,4926.22,INV-53059,679.29
93592d,00954t,5668.13,INV-79253,892.94
43957l,47013i,4979.57,INV-21430,554.54
31828r,32280t,3057.63,INV-86282,217.8
35100s,60434y,7526.48,INV-69587,915.32
76913w,21351g,2939.75,INV-85300,92.23
59710i,41841s,7905.36,INV-18497,301.1
70321o,22774v,6798.68,INV-69282,877.28
71571w,30460f,9317.04,INV-65070,976.01
14722k,04703p,8688.74,INV-34717,577.81
41413f,48009h,8136.29,INV-80129,244.18
14607c,04720t,3908.64,INV-61560,184.11
51017v,42024q,9974.84,INV-24423,899.55
46369g,31713g,4747.99,INV-67089,688.25
63489j,22775c,2342.57,INV-04561,676.84
48356f,02624m,7451.34,INV-56860,873.59
68674e,13611m,7896.12,INV-71471,615.22
63061k,12113v,4952.76,INV-89185,968.88
12685z,61092w,7353.71,INV-69382,831.09
