sale_id,supplier_id,product_id,settlement_id,sale_date,sale_amount,settlement_type,platform_fees
55352s,01045g,11284c,72457x,10/26/2020,4170.51,bank draft,104.26
83306i,50086v,63922g,13863w,8/11/2022,4961.04,cash,124.03
78527r,00337e,27449d,64097y,4/9/2022,6141.38,bank transfer,153.53
81272t,22113y,59934q,17696k,7/4/2022,3285.48,card,82.14
99737m,57990d,15072j,94183j,10/25/2021,2850.12,bank transfer,71.25
58214p,96638u,25056v,22083j,3/7/2020,2309.69,cheque,57.74
28996g,07698y,07531r,72719d,2/14/2022,4884.46,cash,122.11
63197h,68102l,41514i,50317l,7/3/2021,4710.28,card,117.76
27006i,82177n,64715g,36360y,7/19/2021,8236.35,bank draft,205.91
14553j,82371r,18573y,35974r,3/11/2020,1953.2,bank transfer,48.83
58222d,04613p,85675i,23453l,7/6/2022,513.94,cash,12.85
69976c,28851l,49828q,32909a,10/2/2022,3761.06,cheque,94.03
07145w,38526q,39493h,37155t,1/1/2020,8597.13,cash,214.93
26801p,09659b,86038e,51389g,1/29/2020,391.22,bank transfer,9.78
93801q,83093a,27771p,41508n,8/13/2020,2264.31,cash,56.61
52466w,60719m,98347h,43293y,3/30/2021,5718.93,cash,142.97
65453o,13192z,77877a,40781s,8/5/2020,9284.41,bank draft,232.11
03499e,39071h,14921t,43172v,1/18/2022,6942.82,card,173.57
58200b,66313j,98503e,05933d,9/11/2021,3271.44,cheque,81.79
27844q,39923w,03423p,08731m,10/23/2022,7468.03,bank transfer,186.70
32385a,19836e,59106x,42832n,12/21/2022,8991.28,card,224.78
78173i,14731i,94921w,97540u,7/3/2020,147.7,cash,3.69
77960g,50061k,54775m,44757v,11/17/2020,6760.76,cheque,169.02
09571y,62437o,31984p,77116o,6/11/2021,4176.66,cheque,104.42
79211v,03773l,84118z,78377i,9/19/2021,3026.43,cash,75.66
40639u,88965e,83996l,83820k,7/22/2021,6937.88,bank draft,173.45
42273b,09222r,74559m,16070d,11/30/2021,9837.08,cash,245.93
30353f,81732z,76419y,14828n,12/15/2021,4926.87,bank draft,123.17
47620k,50378w,97158s,72942h,8/21/2020,8099.93,bank draft,202.50
68402a,84135e,76842f,56287m,4/25/2021,7164.71,cheque,179.12
47954k,52673d,43031f,35595o,3/15/2020,9036.67,bank transfer,225.92
33163m,41790d,60031x,10176n,12/4/2022,4661.57,cash,116.54
55914f,95549e,88109p,51344y,4/19/2022,1444.41,cheque,36.11
40803a,07131c,40284x,52332z,5/17/2021,6782.33,cheque,169.56
82912b,37901o,54950a,89108v,7/18/2022,3346.95,card,83.67
60471z,10432f,83450e,43190u,10/9/2020,9378.39,bank transfer,234.46
62926h,06974t,01862u,10279w,2/14/2021,4156.11,cash,103.90
24212g,19153u,48228i,69495u,12/19/2022,2875.02,bank draft,71.88
36487b,88346g,45284w,55316h,12/4/2020,2976.59,cash,74.41
17038y,08906g,20410w,79234u,3/10/2022,9762.96,bank draft,244.07
41614h,58492s,89368n,78305y,12/17/2022,6471.52,bank transfer,161.79
17934e,62715r,35614f,54001q,8/30/2020,3972.58,bank transfer,99.31
83748n,44306d,14622z,32846s,4/13/2022,8497.4,cheque,212.44
40847n,18518g,99436d,61559d,3/6/2022,9125.36,card,228.13
08941w,82808o,97910w,66401d,4/17/2020,9334.77,cheque,233.37
32301y,92631w,72659p,72284t,5/15/2021,2674.46,bank transfer,66.86
57734o,29160r,24681t,31435g,6/22/2020,3970.27,cheque,99.26
18102z,60336o,29261e,56278s,8/16/2021,6197.3,cash,154.93
35825u,85449e,04679c,75259q,3/28/2022,9409.92,bank draft,235.25
78957s,67295f,54044o,54977i,11/2/2021,9572.01,bank draft,239.30
37176e,90161d,43161j,21937l,7/28/2022,203.08,card,5.08
45652v,01220j,37549p,46819f,9/21/2021,8174.9,cheque,204.37
98691f,59537n,21170s,56450p,1/20/2022,1633.56,bank transfer,40.84
54952n,95846c,87814b,97333b,6/28/2022,2757.67,bank draft,68.94
44212u,34479y,22485h,14726d,7/5/2022,4923.12,card,123.08
78444q,32611q,51497c,79450l,8/16/2022,4234.98,card,105.87
48620m,42209s,95769f,07765v,7/2/2020,2897.59,card,72.44
24912s,42549c,84816j,99181m,9/14/2021,449.84,bank draft,11.25
56853s,77822s,17533y,62485l,7/6/2022,4770.42,bank transfer,119.26
30384o,88489t,84554y,84509c,8/31/2022,6191.98,bank draft,154.80
12022c,14109b,85782b,26515d,8/20/2021,5748.37,cheque,143.71
21592t,36271k,33968x,61599l,9/23/2022,3361.27,card,84.03
29230l,26571b,26312w,13794d,2/25/2021,3037.38,cheque,75.93
93757i,50447u,56747i,82748y,10/24/2021,523.46,cheque,13.09
76641g,67546m,07266i,33183o,7/30/2022,2915.34,cash,72.88
29717d,12909i,81365k,76594q,7/27/2020,1439.99,card,36.00
47353v,21821a,85728t,10095l,2/20/2020,2649.87,cash,66.25
36744w,73524p,72749b,98173r,12/30/2022,9158.73,cash,228.97
07975z,28180w,11051y,45158d,8/3/2021,3318.45,bank draft,82.96
55179j,59418h,54606v,49429e,5/25/2021,1958.74,card,48.97
17053x,50990m,26366i,22846u,6/27/2020,3615.36,bank transfer,90.38
33166v,02366j,97345q,80821b,1/2/2021,6663.35,cheque,166.58
74728j,94935w,57892g,61412v,12/25/2021,7112.47,bank draft,177.81
42626b,07939l,43593d,35191l,4/30/2021,2595.69,card,64.89
56306r,31701q,54772n,77994a,2/16/2020,4615.64,cheque,115.39
58182z,04172a,54041k,27684v,11/28/2021,5231.04,bank draft,130.78
05354a,73609l,01543u,31333t,1/2/2020,2148.81,card,53.72
43026g,87363n,96210u,51443n,5/9/2020,157.77,cash,3.94
02742v,79174g,70255i,53251i,2/8/2021,8137.48,card,203.44
31429l,98533t,33652u,91034f,7/7/2020,9434.84,cheque,235.87
46561v,55344c,22019v,24393k,1/3/2021,2637.7,cash,65.94
52040k,80355d,76801f,57223i,6/2/2020,2105.09,cheque,52.63
18588z,26256l,16509x,85175n,11/24/2021,4960.36,cash,124.01
40609r,79196j,56716q,43602i,4/24/2021,879.15,bank draft,21.98
83074t,72737r,24823r,07671u,8/24/2020,5614.37,bank transfer,140.36
80788x,48878t,93992q,46434y,2/7/2021,1447.01,bank transfer,36.18
37012s,82264j,90188q,47083w,4/27/2020,6387.38,card,159.68
69404l,76328l,42931y,32491y,9/15/2020,2507.09,bank transfer,62.68
79269a,76119w,44854y,03650w,8/13/2022,5509.59,bank transfer,137.74
52152m,99186x,06074q,76620g,1/20/2022,6787.73,bank draft,169.69
44645v,00191d,44272a,64556r,3/4/2021,228.27,cash,5.71
37758h,48231p,70816n,21744d,3/24/2022,1766.56,card,44.16
50860v,19396g,35709k,57345e,1/12/2020,8392.47,bank draft,209.81
36066b,28655t,19858r,46410h,8/14/2021,7759.46,card,193.99
56090m,49820v,07260k,63993t,1/7/2020,4625.09,card,115.63
51378m,04722d,07695d,32445g,5/25/2022,2606.36,bank transfer,65.16
05928w,08153l,83053d,27527c,4/18/2022,5212.78,bank draft,130.32
99844c,29322z,65709g,75043b,10/29/2020,3373.79,card,84.34
58357x,44258i,81204c,12055z,7/9/2020,858.92,bank transfer,21.47
57126m,73811e,32323i,80208f,11/23/2022,8948.4,cash,223.71
67892p,87426x,64143d,10827s,1/11/2022,6154.0,bank draft,153.85
48330o,35676o,72761f,24708w,11/21/2021,7818.42,bank draft,195.46
05479t,86223d,36386e,98625o,10/3/2020,7275.08,bank draft,181.88
52520o,37745d,73754p,00122f,8/3/2020,9741.27,cheque,243.53
13197i,93474e,21226v,24901w,1/27/2021,3677.48,cheque,91.94
91133g,28312x,96536g,80567c,6/3/2020,3105.81,cash,77.65
63400e,06773m,17502l,19797s,7/29/2022,9937.84,bank draft,248.45
27324e,52302f,19267x,69376p,6/16/2020,8851.69,bank draft,221.29
59717x,89348x,24109i,71939l,3/16/2021,6009.72,cash,150.24
77755x,21194j,57236n,86616z,11/11/2021,8772.36,card,219.31
72171q,55122f,84902p,28685f,3/17/2020,2783.89,bank draft,69.60
27725d,31735e,46126l,78984z,10/29/2021,2938.97,card,73.47
52812x,85345g,69335e,75176z,3/7/2021,5429.42,bank transfer,135.74
65560g,40955l,46682h,03690q,10/15/2021,4757.73,card,118.94
58673o,41288u,20822m,09653g,1/26/2022,5754.48,card,143.86
95733d,61861a,23832d,67886y,7/31/2022,8025.58,cash,200.64
59695u,34210b,34830v,28075z,4/19/2021,5213.94,cash,130.35
85677a,18684v,53963l,60757p,9/3/2022,1620.6,cash,40.52
80311s,48994g,85339j,52183n,8/29/2022,4725.92,card,118.15
96998n,32212q,23819x,12006n,6/6/2022,7213.6,cash,180.34
42990r,59394j,63408s,90515q,1/7/2021,9002.07,bank draft,225.05
22788n,16261k,05838x,60056p,6/9/2021,7163.56,bank transfer,179.09
35753e,87603q,20641l,80970g,4/22/2022,2672.84,bank transfer,66.82
52582g,64691c,48343i,54138q,4/12/2022,8251.5,bank draft,206.29
78700l,61472d,99711u,57861z,4/10/2021,9383.1,cash,234.58
92686t,20101n,44315k,52762x,2/16/2020,4210.17,cash,105.25
92410i,51626f,78903l,87150i,7/8/2021,9120.2,card,228.00
86654w,24140a,70676n,87326r,5/6/2022,7611.64,cash,190.29
35129o,53673y,01096u,54076p,2/25/2021,3432.4,bank transfer,85.81
62837n,58036k,58428h,28146n,2/2/2021,5789.29,cheque,144.73
70177w,85853l,45188v,56015k,12/27/2020,7824.71,bank draft,195.62
48132g,12139k,56251o,11687p,10/31/2020,5619.7,card,140.49
15343c,70910p,30529u,13097l,10/31/2021,4426.79,bank transfer,110.67
44035i,43629t,45553j,36799a,10/6/2021,4530.78,card,113.27
82211y,64888k,21478j,62692o,4/22/2022,9057.46,bank transfer,226.44
17020v,14440t,59749o,54800j,9/17/2020,5601.15,bank transfer,140.03
87511n,75290u,56170b,16297r,10/4/2022,2364.94,bank draft,59.12
41208q,54240h,62487o,00682c,8/1/2021,5402.51,bank draft,135.06
06254g,32281n,68636s,05972m,10/6/2020,6525.0,card,163.12
23739t,31776f,17410g,00814k,8/1/2020,5196.1,bank transfer,129.90
32217k,73584n,98240i,83447j,10/24/2020,4097.23,card,102.43
28085n,78327a,65388g,16577s,6/24/2021,8040.81,bank transfer,201.02
95989o,85845y,40393g,53715m,11/8/2021,9386.61,cheque,234.67
79640m,97644g,45499b,15081u,12/15/2021,1563.11,cash,39.08
41252g,16803l,93038k,17430c,11/12/2022,7937.42,cheque,198.44
61251t,56887e,06876o,64824n,1/7/2021,6059.41,card,151.49
38472b,69817i,24152i,85676e,12/9/2022,7991.2,cash,199.78
12690g,66473q,86268f,19796m,11/30/2021,1554.88,cash,38.87
94547a,95318c,53542y,82729v,12/16/2021,4631.27,cash,115.78
97648k,73712w,85068s,50299w,4/17/2022,8230.69,cheque,205.77
29806s,16575n,77204k,23901t,6/9/2022,4796.91,bank draft,119.92
97339e,43226e,40812i,31421a,4/26/2020,6528.6,bank transfer,163.22
53149b,20937i,95711d,98155j,11/8/2022,2146.26,cash,53.66
98719f,77980v,36960f,33372f,8/22/2020,1954.63,bank transfer,48.87
26095y,66950p,30055r,32054b,12/29/2022,3834.61,card,95.87
23977q,43928w,32612f,68256t,8/23/2021,6271.55,bank transfer,156.79
44982h,55688e,86524u,25112b,5/10/2021,6299.14,bank transfer,157.48
01497o,38396n,39232r,35475v,7/16/2022,3902.38,bank draft,97.56
47040m,06803w,59472q,20747q,8/22/2020,8439.36,cheque,210.98
68558o,21386g,62551y,41071z,8/30/2021,3783.0,cash,94.58
32898t,85359k,10322n,85124s,10/13/2022,2281.77,cheque,57.04
45832v,16952b,96588l,07181a,11/23/2020,239.88,cheque,6.00
09913k,03286p,52895q,77400d,12/7/2021,3963.94,cash,99.10
03728n,08931y,07865k,83695n,3/9/2022,3783.33,bank draft,94.58
98877c,29778j,85788a,24071k,12/7/2021,759.86,bank draft,19.00
08249k,44648o,37013o,44574e,11/27/2020,4166.52,cheque,104.16
77888t,52335e,47065o,33816i,10/22/2020,3525.92,bank transfer,88.15
59786l,85750o,28148v,57564m,3/14/2021,5115.77,bank transfer,127.89
17573e,67597w,11437g,52488e,3/31/2020,9720.62,bank draft,243.02
70576u,23977p,41493s,22969p,1/22/2022,6086.93,bank draft,152.17
91431w,22927t,95993p,97654o,9/5/2020,7219.54,card,180.49
60614c,62728s,87966w,85151o,2/12/2022,139.79,cheque,3.49
19166r,76697m,96427s,82467m,2/24/2022,4114.44,cash,102.86
97261d,00010u,24526i,66001l,11/13/2020,593.17,cheque,14.83
98811t,86632n,46887u,98559t,2/28/2021,5345.73,bank transfer,133.64
61819l,01557t,79450b,30737x,12/16/2022,3095.42,cheque,77.39
92742z,63428m,14410g,99173b,12/17/2020,2431.06,card,60.78
82059f,47064y,10452m,96743l,12/21/2021,449.07,card,11.23
48541z,10512u,39453a,02274o,9/6/2020,2719.95,cheque,68.00
74533t,05902i,74755m,46041k,1/29/2020,6362.13,card,159.05
45906c,30111s,83599s,92848i,1/21/2021,8857.72,bank draft,221.44
20224j,46442g,34952e,98169e,6/12/2022,7371.15,bank draft,184.28
66829k,98636k,53206g,27546n,10/22/2021,7593.22,cheque,189.83
13800w,76097l,79080l,27341b,4/22/2021,4039.93,cash,101.00
13198d,85288h,23160o,26599v,9/7/2022,3651.76,card,91.29
94900q,52838v,80059u,54654b,9/27/2022,4099.51,cash,102.49
77265o,16994j,95859f,01613b,9/3/2020,5862.97,cash,146.57
42824a,59665v,68843m,59890j,1/22/2021,712.68,bank transfer,17.82
31368i,84054m,06429k,65071k,5/18/2022,8219.22,bank draft,205.48
77969n,78540m,67313s,35735p,6/15/2020,2254.23,card,56.36
56910v,82036g,88284o,52363s,6/12/2021,9596.15,bank transfer,239.90
63533y,12787g,80123l,30215r,7/26/2021,9173.37,cheque,229.33
65052p,83766v,94080f,38895h,4/4/2022,4878.66,cash,121.97
48269g,62245r,72461d,32173x,5/3/2022,557.78,bank draft,13.94
97159t,91837h,18241w,78905z,10/31/2022,5216.91,cash,130.42
61963t,48530z,63881q,77618n,6/1/2021,9910.04,cash,247.75
61986z,48887o,77587h,06452n,8/7/2020,8960.31,cheque,224.01
24879k,77124r,47339t,42035v,8/2/2021,4000.27,card,100.01
61003r,36942w,20539u,30365u,6/15/2020,9345.69,bank transfer,233.64
12309y,53838w,65933r,23868z,1/16/2020,3044.24,bank draft,76.11
90978s,23019b,43252l,84835d,3/30/2020,3783.74,cheque,94.59
97002i,08360p,46598f,37612n,10/14/2020,394.07,cheque,9.85
38173v,23192t,27968l,02979u,9/27/2020,2834.31,card,70.86
92520t,91081t,69284t,78531q,5/15/2020,4387.36,cheque,109.68
57178n,53360a,13323l,77188n,8/11/2022,9091.71,card,227.29
07802b,44095y,22352z,79472r,4/27/2021,4907.47,cash,122.69
49589z,23270h,64519t,62008w,3/7/2021,8162.91,cheque,204.07
04088b,14857u,67328i,92634n,11/4/2022,2635.52,bank transfer,65.89
92440w,79565g,39383p,75650t,12/9/2022,8432.98,cheque,210.82
46181v,17166m,11938p,99171v,12/16/2022,9278.57,cash,231.96
98876a,33062v,46813o,36309d,7/15/2022,9464.54,bank draft,236.61
09403m,29493j,93042t,64328a,8/14/2022,5195.37,card,129.88
65300y,16516l,17837v,32389w,1/16/2021,5474.05,card,136.85
57874s,99703e,08728h,78515f,1/7/2022,7643.45,card,191.09
55174y,80966h,39670x,75328z,1/19/2021,7143.42,cash,178.59
83686c,11054s,92841l,49937u,1/20/2020,180.56,cash,4.51
73578n,24169z,71214j,50558c,8/23/2020,5820.89,cash,145.52
42503p,25170d,66576y,57022e,6/25/2021,2595.7,bank draft,64.89
67225q,61741m,77695a,28099f,10/25/2021,7421.24,bank draft,185.53
64182i,79097s,60062b,18392b,12/21/2022,8850.58,cash,221.26
87797v,54422q,05681j,92267h,8/14/2022,3606.14,bank transfer,90.15
81561v,44374o,47545r,64647d,8/2/2021,5264.53,bank draft,131.61
40469c,72240j,17857y,95769m,1/21/2021,6314.22,bank draft,157.86
13909m,66419n,16683d,05258b,12/25/2021,15.82,card,0.40
96610x,69952n,76109l,20772t,2/19/2021,6970.76,bank draft,174.27
23543w,39614r,74297x,68003t,8/15/2021,9772.74,card,244.32
27812r,90307w,39343f,25499h,11/22/2020,196.64,bank transfer,4.92
62788f,82902z,69851d,84565k,9/4/2021,8964.2,cheque,224.10
64364v,27640q,84717u,38169k,5/6/2021,7848.83,cash,196.22
08691z,77518a,53199t,42913z,5/23/2021,8190.05,bank transfer,204.75
83937f,19449d,89359i,98350u,8/28/2021,6753.2,cheque,168.83
24576d,79658q,89048s,06238l,3/10/2022,9595.93,bank transfer,239.90
81650a,33308m,08588w,39685f,2/20/2022,62.86,bank draft,1.57
18741i,98928y,76431l,92158b,3/10/2022,7641.15,bank draft,191.03
82913a,00027m,99073y,41836a,3/1/2022,6334.22,bank draft,158.36
99729v,74535x,39727x,82691o,4/13/2020,4602.88,bank transfer,115.07
08498b,07897u,58360t,07869v,8/18/2021,7523.12,cheque,188.08
59331r,57431s,13612y,95208w,6/12/2021,2226.36,cheque,55.66
48157j,43545r,92713u,95258o,7/8/2021,6607.46,card,165.19
49896c,75073q,50648s,96802l,8/12/2021,5068.38,bank transfer,126.71
54038h,14081j,18201s,46994u,5/31/2022,1197.19,bank transfer,29.93
28503h,44813y,05652e,76739u,1/22/2021,6316.59,bank transfer,157.91
75691w,39096c,98838i,34765d,8/22/2022,7360.0,card,184.00
10782v,42025t,52213u,27504b,9/18/2021,872.71,cheque,21.82
95014c,10608l,89945s,48726f,12/25/2022,9698.58,cash,242.46
67833y,44247l,38488h,46446k,1/29/2021,2630.63,cheque,65.77
46960k,38741j,79091c,77425c,5/15/2021,5699.91,bank transfer,142.50
77459y,46092b,37627n,55167z,7/5/2020,2896.66,cheque,72.42
81341u,69645r,82721f,91732m,6/20/2021,683.66,bank draft,17.09
58036j,97377v,52954d,89121g,8/4/2020,5175.45,card,129.39
84149g,57525o,39446k,54101g,7/13/2020,5491.62,cheque,137.29
52836d,61611i,47932q,54726k,12/12/2020,4008.8,bank transfer,100.22
35085o,49251u,16954q,38778g,8/1/2021,4307.91,bank transfer,107.70
75140o,50656k,98633r,72693b,5/1/2021,9584.08,bank draft,239.60
16982u,47873p,88924c,66415s,11/19/2020,2920.2,card,73.00
84455o,48198w,34155m,72894m,5/31/2020,1493.83,bank draft,37.35
78956d,97319k,11458f,44820x,5/17/2020,3224.38,cash,80.61
01491y,92870z,06255x,39009g,6/24/2022,5083.65,cheque,127.09
33540g,44648w,55850r,12456a,8/11/2020,3527.06,card,88.18
73157q,98452h,47286h,86960d,11/12/2021,9756.12,card,243.90
50589o,27132l,48676z,52052d,5/2/2020,7368.34,card,184.21
50076w,59351y,70734l,17661h,3/30/2022,1949.64,cash,48.74
52816j,99247s,14062i,69439x,11/25/2020,6564.57,cash,164.11
62292f,91588m,54033e,84253t,4/21/2021,3243.25,cash,81.08
66018c,11415t,36949f,22912v,4/16/2020,5729.1,cash,143.23
82030r,73356g,14051c,62330r,12/23/2020,1963.28,bank draft,49.08
69767g,24021w,31734u,62349b,5/29/2020,9782.21,bank draft,244.56
94489p,57430n,68380t,19032k,12/14/2020,1203.22,card,30.08
45491j,78085f,58629h,76706l,12/20/2022,8200.98,cheque,205.02
36873g,69557j,41859j,49016i,6/3/2022,545.93,cash,13.65
60132j,60317d,68388w,58278h,11/25/2020,264.71,bank draft,6.62
16175g,85585i,60726c,78397x,4/7/2020,6038.38,bank draft,150.96
92887g,18849d,45151z,86673h,4/26/2021,2197.46,cash,54.94
25099w,08604z,28217d,37631m,1/16/2020,6035.75,cash,150.89
86613y,92007y,33845x,44226o,2/6/2020,5563.11,bank draft,139.08
59199m,36400a,46333g,18798f,11/5/2020,2522.23,cheque,63.06
40472j,49261j,14747i,79687j,6/5/2022,8838.58,cheque,220.96
65375d,66442e,04607o,67002q,5/1/2020,2079.97,bank draft,52.00
47132f,10776y,08499w,08871m,11/16/2021,9779.2,card,244.48
69531o,69458u,23614v,63730j,1/3/2022,5523.51,bank draft,138.09
90642k,52679b,08551z,74701k,2/17/2020,6981.47,bank transfer,174.54
91956o,83682t,12170o,95348n,7/6/2020,7705.27,bank transfer,192.63
37185c,15273e,33095j,90286b,4/25/2020,5636.61,card,140.92
00217g,85247e,95083u,10972u,12/16/2022,7200.72,bank transfer,180.02
46762m,56602j,58440o,36096z,5/12/2020,2519.61,cash,62.99
33904s,35825w,95325s,70724o,3/8/2022,7117.65,cheque,177.94
58609p,32932a,15065a,30372g,4/12/2020,987.05,card,24.68
82434c,55241v,75599a,53117q,3/22/2022,4716.56,bank transfer,117.91
91040l,28241d,10937g,89594m,7/20/2021,8071.35,card,201.78
43254f,27606s,24199n,50443p,10/10/2022,9905.38,card,247.63
23671y,52455p,65970b,76443q,5/31/2021,9952.73,card,248.82
36194l,33769k,16963f,04597s,5/1/2021,7125.91,cheque,178.15
80232s,22780y,86107e,65848e,5/8/2020,4170.98,bank draft,104.27
17197k,35925f,12672n,70074z,1/9/2021,4545.23,cash,113.63
13320k,26504c,45398v,31176y,9/5/2021,7688.57,bank draft,192.21
79491e,72269e,01325e,55525q,8/26/2022,5445.84,bank transfer,136.15
02362t,06618w,47811s,15957p,10/18/2021,6607.96,bank transfer,165.20
43398v,97697d,00421f,36330q,12/3/2022,8108.93,bank draft,202.72
79102y,00512c,37267t,09846m,10/30/2022,2545.24,bank transfer,63.63
56341t,61312h,00723p,38751f,1/1/2020,6532.36,cheque,163.31
76896l,73902o,74376h,53601q,4/30/2022,741.09,bank draft,18.53
54540s,07645v,59420q,85060z,6/14/2022,6304.52,cash,157.61
29309v,19018l,61303v,90542m,5/24/2021,470.01,bank transfer,11.75
06105d,17401i,55444b,74476a,9/3/2020,3925.25,card,98.13
88835d,87008x,04708t,51054t,8/6/2020,8205.38,card,205.13
56543w,79418c,17790m,01840y,5/12/2021,7133.25,card,178.33
22272x,44020p,69244r,58592s,5/12/2020,1891.06,bank draft,47.28
41732s,58406e,25912c,81046p,2/2/2021,5442.42,card,136.06
91093b,57261h,08772w,14556s,5/20/2020,4492.56,card,112.31
45988d,97751p,39946b,83042a,9/2/2020,1270.01,bank transfer,31.75
73147w,29702h,59095t,19387y,9/3/2022,395.83,cheque,9.90
13560h,77767t,16085t,33504p,8/15/2021,4562.19,bank transfer,114.05
52625e,52988p,31548s,15317p,9/22/2020,5401.79,cheque,135.04
16152t,10057s,36253u,14015x,5/6/2020,3495.58,cash,87.39
59352w,27930u,91094q,77318a,3/17/2020,5396.96,cash,134.92
44567v,83980c,48710n,47231j,9/5/2020,4943.6,cash,123.59
05030z,28082n,42023j,13712u,10/12/2022,5516.85,bank transfer,137.92
56578c,43800u,24777w,05367p,6/9/2020,3467.35,bank draft,86.68
38407b,49437q,33444a,90953e,5/27/2022,7156.95,cheque,178.92
88156z,30941e,96422n,37620i,8/23/2021,5830.04,cheque,145.75
85823q,22375y,08813u,39275r,1/26/2022,5909.6,card,147.74
69468g,67723t,79028x,20248l,9/11/2022,6411.18,bank transfer,160.28
43798t,79225o,61243j,23930l,5/1/2020,6901.35,bank transfer,172.53
68879k,75025q,96785t,13910q,10/5/2020,4504.58,bank transfer,112.61
26979p,81729r,92690q,57962j,12/29/2022,4995.09,cheque,124.88
60204y,74813l,21876a,86631l,10/27/2022,5776.37,cheque,144.41
33325q,76502t,12292j,75505q,5/30/2020,1630.73,cash,40.77
07939d,49336q,13335q,28789s,6/13/2022,1018.35,bank draft,25.46
25989m,27547q,36148f,79211i,12/19/2020,600.49,bank draft,15.01
93612o,04484q,46892o,88025y,4/15/2022,140.69,bank draft,3.52
66384s,64009w,34455k,46251z,2/15/2021,310.26,cheque,7.76
42681l,09766m,84867n,17959z,12/2/2021,5600.76,bank transfer,140.02
99826a,61920u,27216h,63492a,12/3/2022,700.59,bank transfer,17.51
30623f,94213s,19984a,24439f,12/17/2022,4445.88,card,111.15
39186c,69486x,56983w,90771c,11/20/2020,6177.97,card,154.45
58539a,55800x,86470s,91191u,5/15/2020,4233.97,bank draft,105.85
50814t,71913u,78274n,47658q,6/10/2020,7931.0,bank transfer,198.28
24207z,22475s,71589l,78909w,9/18/2021,4805.9,cheque,120.15
56485z,71951o,30566f,25122s,12/26/2020,2239.08,cheque,55.98
72917d,47595b,62046a,14498l,11/29/2022,8112.7,bank draft,202.82
66291s,74047u,82970a,46704y,1/11/2022,5999.91,bank draft,150.00
68136f,97031o,47238g,34542b,4/19/2020,5266.41,cash,131.66
64293r,73782o,45330i,35141g,3/25/2021,4039.1,card,100.98
70601y,46570o,80130a,13665u,12/3/2022,3387.0,bank transfer,84.68
83949c,79336h,29007y,78296b,12/16/2020,4317.61,bank transfer,107.94
44710g,10583h,41412k,83040t,10/29/2021,387.53,card,9.69
59486a,97302p,47935o,16673a,2/28/2021,6292.67,card,157.32
86263t,04354c,06613b,37055u,4/30/2021,8602.92,card,215.07
20131a,30146l,94922h,39502k,11/30/2021,6184.18,cash,154.60
88638v,45911j,11059e,56139b,11/3/2022,1156.25,cash,28.91
79654v,73163x,22667g,15269t,3/30/2020,7981.34,cash,199.53
15391a,75611l,91656f,83843y,12/26/2021,3077.78,bank transfer,76.94
12333x,71638g,26673u,50294s,6/19/2021,1896.25,card,47.41
31895n,12505w,10892l,16447f,9/11/2020,8110.01,bank transfer,202.75
83039k,89239t,72503f,51657l,11/24/2020,7884.14,card,197.10
28127w,00302u,72994v,43091s,2/21/2022,9370.05,cash,234.25
94639o,68132i,87481x,28727b,3/23/2020,4717.09,card,117.93
42699a,21604e,48012f,78755n,12/29/2020,4382.97,bank transfer,109.57
47331u,63257d,07757r,23749n,11/26/2020,5870.67,cheque,146.77
19993o,49558t,42405k,59855m,11/12/2020,529.68,card,13.24
28469b,85387g,48164g,86405x,8/2/2022,2015.25,cheque,50.38
23965p,04911e,30105n,90250c,11/6/2021,4654.47,bank draft,116.36
48397n,21460h,86104j,84758e,1/9/2021,39.1,cash,0.98
66007i,40730o,63275s,60484q,8/29/2020,5145.06,card,128.63
15613u,24149q,38942g,53845g,9/18/2022,9660.69,bank transfer,241.52
38957r,70749o,43477g,84476r,5/15/2020,9460.72,cash,236.52
51296x,35462h,68769z,42738j,9/27/2020,9651.67,card,241.29
91673c,43134x,45726c,17500a,10/24/2020,3751.06,bank transfer,93.78
82541e,41784f,68905n,00006m,11/28/2021,7906.21,card,197.66
83168x,03860y,34839i,52762o,2/18/2021,6988.94,card,174.72
34592h,30463q,23761y,05344a,10/22/2022,2346.26,card,58.66
17144v,43754s,20607u,17248g,1/29/2022,1321.03,cheque,33.03
28147q,19152e,96955u,23281e,10/1/2020,9660.94,cash,241.52
83354r,77927n,28731n,47060t,4/12/2020,2537.94,card,63.45
03405n,43741r,86933g,71461z,3/23/2021,6978.04,bank transfer,174.45
85751j,38491i,45994e,89280a,7/12/2021,21.7,cash,0.54
62540o,98260f,06456t,27670w,8/28/2020,7895.03,cash,197.38
40419x,17611y,66599m,99153v,1/12/2022,8592.94,cheque,214.82
68783n,70488n,99427d,69220n,3/5/2021,7368.69,cheque,184.22
86777q,98978k,32037m,64373w,12/22/2022,5746.53,cheque,143.66
61264o,94844w,85850y,74699u,12/2/2022,4160.26,cheque,104.01
58993m,17096i,37157o,31685a,12/3/2020,5151.71,card,128.79
76184a,17494r,02504o,67866m,10/16/2020,9334.5,cash,233.36
31485n,09196m,86334q,92861d,8/29/2022,9326.31,cheque,233.16
29825q,47980d,21560y,53639t,6/9/2022,5321.47,card,133.04
60567d,13161l,96399k,44654a,10/8/2022,4352.95,bank transfer,108.82
95186d,83884r,71659d,09283a,3/20/2022,7667.8,cash,191.70
23863l,00637o,40153i,17225a,12/10/2021,4980.95,bank transfer,124.52
69394d,31101j,09804b,92038q,11/13/2022,4097.64,cash,102.44
48602k,92650u,78250d,55640l,4/17/2021,3295.11,cheque,82.38
94395k,54787c,73458d,13947p,4/13/2021,6569.63,cash,164.24
95940x,62041b,67686i,36721k,9/12/2020,3283.88,bank draft,82.10
57371a,13802u,45067r,20852e,8/16/2022,9535.67,cash,238.39
85332a,48124m,72181h,76346w,8/26/2021,7710.24,cheque,192.76
81331h,76614q,80368b,78020c,8/10/2020,6051.5,cheque,151.29
02380m,07348t,03279d,04086n,10/26/2021,3425.95,bank draft,85.65
26478l,46904d,78362m,91313p,1/13/2022,4008.92,cash,100.22
04666x,48672x,76348c,63784l,11/11/2021,4530.46,card,113.26
14604t,41878t,25432g,38230k,4/18/2021,2922.62,cash,73.07
61260f,03270p,93825n,67217x,5/1/2022,7097.43,cash,177.44
32809e,65217y,23624n,62122c,12/13/2020,7443.32,card,186.08
06978s,12280p,62158w,51655s,4/1/2021,909.45,bank transfer,22.74
31180f,34784x,02541y,40313q,6/26/2020,4103.09,bank draft,102.58
65264b,73098i,60899z,04503d,11/9/2021,8116.88,cheque,202.92
74000w,63208r,40523g,87093o,10/3/2021,6024.97,bank transfer,150.62
18454w,92618m,82685h,98588v,4/14/2020,1986.34,bank transfer,49.66
76674v,46945x,53979l,30303z,4/11/2020,6018.75,bank transfer,150.47
97630f,78800r,83994e,65736a,12/22/2022,3049.14,bank draft,76.23
60998b,49551u,70921l,56494k,3/12/2022,1597.52,cash,39.94
16602l,78905q,16441r,80366r,1/21/2021,5120.49,cash,128.01
36927w,46985o,16708u,96708x,8/15/2022,5424.61,cheque,135.62
73586j,90278c,12995p,49105v,4/3/2020,9727.35,cash,243.18
62651h,08374c,81204g,53340r,5/22/2021,3957.48,bank transfer,98.94
25550a,50019u,40451y,04338z,4/2/2021,8136.49,cash,203.41
94222u,98454w,30247y,98341v,10/6/2022,9938.13,bank draft,248.45
68092u,07012r,17365v,82521e,11/2/2020,6402.33,bank draft,160.06
57288y,63247r,31741b,61641t,3/5/2020,9980.57,bank transfer,249.51
33617g,08339c,37679q,62795j,3/29/2022,6855.06,bank transfer,171.38
71823a,25439m,16487p,67827w,9/17/2021,3589.61,bank transfer,89.74
71404u,98875j,87483r,41203u,5/1/2022,8965.87,card,224.15
17580g,08416l,86862s,09043c,2/26/2021,8990.21,card,224.76
86715q,93278h,00498s,97506q,11/2/2022,2210.76,cheque,55.27
51196w,61396j,00988v,16322m,8/15/2021,2564.98,bank draft,64.12
41427w,40150i,56311m,11565m,10/24/2020,1242.84,cheque,31.07
07910v,65407w,61588h,18206i,10/15/2022,5304.83,cheque,132.62
42575o,21685p,24700s,41385o,5/23/2020,1002.89,bank draft,25.07
51592k,72880k,98379q,16496x,3/18/2021,9806.51,bank draft,245.16
45417t,62828i,34690r,51376o,9/18/2022,3126.43,cheque,78.16
06106u,39838e,95177a,71581e,8/5/2022,8045.94,cheque,201.15
68048h,91082t,47899q,70373u,4/14/2020,6870.77,cash,171.77
45724w,11295j,97202h,86406x,7/9/2021,6989.1,card,174.73
56196e,41984p,76355p,37590j,6/5/2020,3039.17,card,75.98
02598e,81753k,92938m,30302p,3/15/2020,8075.79,cash,201.89
76565b,67935g,41466x,29533z,11/26/2020,4695.82,bank transfer,117.40
43325j,44233t,26992m,99854n,7/29/2020,112.8,bank transfer,2.82
24624n,82707e,14017s,05965w,12/19/2020,2194.46,bank transfer,54.86
41098x,47129h,46954o,84694x,7/22/2021,5919.98,cash,148.00
08906b,92416n,98397v,03855t,6/2/2020,8347.53,cash,208.69
74212y,47471z,91247o,86495r,7/4/2020,3702.48,cheque,92.56
12289x,81816d,51686u,47394v,7/15/2022,6085.38,card,152.13
97021r,37124c,14383e,83827o,2/9/2020,1641.57,cheque,41.04
69076f,66346e,18606a,64088n,4/29/2021,1870.48,bank transfer,46.76
66660t,79120z,62156j,21892q,5/20/2022,6861.49,card,171.54
29505r,55590k,12235v,97636o,9/10/2021,1708.17,cheque,42.70
79135c,48952r,47856x,90528q,1/16/2021,7405.38,cheque,185.13
70957n,08163i,06165x,14817p,12/5/2021,4207.97,bank draft,105.20
97158d,54041w,29551j,89175n,8/13/2021,6290.38,card,157.26
69434n,08253r,52883q,84084u,4/8/2020,447.26,bank draft,11.18
90284w,89186m,43471v,74491u,12/19/2020,9966.95,bank draft,249.17
85944c,50211h,71998b,42683g,12/7/2021,4714.0,bank draft,117.85
04792m,72944r,61883f,21791l,4/9/2020,6230.16,bank draft,155.75
33157c,36052d,58013o,09413f,8/15/2021,6886.09,cash,172.15
23817c,08554p,50793o,05357b,12/21/2021,2587.58,cash,64.69
84599p,16681f,33397j,00228w,8/31/2020,9318.77,bank draft,232.97
54649h,19644h,68101t,57541e,1/13/2022,778.43,cheque,19.46
91537e,15634s,66582d,89820r,8/19/2022,2220.63,bank transfer,55.52
28621l,14878j,71109y,46530a,10/2/2022,9334.46,bank transfer,233.36
47978i,29735p,87340x,42998b,8/31/2020,8326.9,cash,208.17
32230f,26082y,09900z,30049u,10/6/2020,4667.43,bank transfer,116.69
26794h,02339k,27937i,42168s,11/13/2021,937.08,bank draft,23.43
40164w,84775m,73363a,59576p,6/6/2020,9473.19,bank draft,236.83
52836t,74772i,09820z,43956s,9/1/2022,1003.69,card,25.09
31010n,70619i,03366o,48718b,12/7/2020,1613.27,cheque,40.33
90522t,72233e,30440r,78055c,4/20/2021,565.59,card,14.14
70293c,24257w,64340e,43021g,11/22/2022,1749.07,card,43.73
45074f,14332u,21187w,52479w,9/8/2021,2877.19,cheque,71.93
93739z,51955e,26285t,84026y,5/10/2022,9963.5,bank transfer,249.09
79022a,61029t,29303y,59699e,3/19/2021,2695.56,bank draft,67.39
18091a,75665l,26491f,53882y,7/4/2022,6644.78,bank transfer,166.12
54947c,92162o,76038d,39453n,11/30/2020,9746.75,card,243.67
52508d,25519n,44069x,25402b,12/6/2021,5043.68,bank transfer,126.09
40622j,15464o,26476y,62144d,5/5/2022,5622.56,bank draft,140.56
40058i,47626o,88290l,67725f,11/17/2022,9927.89,bank transfer,248.20
62538l,51698b,82574n,11484y,9/24/2021,9963.04,bank draft,249.08
32639o,91481o,95993p,11195y,3/9/2021,9768.64,card,244.22
66207w,82981g,15364z,03119k,7/14/2021,7951.19,cash,198.78
54441y,97708g,12982m,99709m,10/30/2022,4358.57,cheque,108.96
58240b,64823u,45321r,62366m,3/26/2022,1182.19,cheque,29.55
71025r,69306q,87855t,30424f,9/4/2020,8392.63,cheque,209.82
16184h,58455w,94020d,66389v,9/19/2020,4781.34,cash,119.53
21591x,92698i,84686h,12546c,12/3/2020,5163.66,bank transfer,129.09
71507f,92160n,87051l,26790s,10/8/2021,686.33,bank draft,17.16
04623a,34655j,76001h,24774n,11/28/2020,8486.79,bank transfer,212.17
53767c,61690l,21253a,74759z,4/2/2022,1037.91,bank transfer,25.95
83786x,72135p,74458r,91995s,10/9/2020,1543.26,cheque,38.58
17967y,24409d,38537z,05873c,3/6/2021,618.25,cheque,15.46
17773v,06386i,13978d,40913g,5/2/2021,1611.4,cash,40.28
21820c,23321i,36651h,23118m,6/11/2021,3572.07,bank draft,89.30
73420r,39935z,53286j,36099d,5/4/2022,1815.81,card,45.40
71570q,38706s,47025l,64268k,12/19/2020,6093.99,card,152.35
92884t,74801v,87162c,06247f,7/1/2022,2922.58,bank draft,73.06
30089h,84827k,62358r,84981u,3/8/2021,2299.56,cash,57.49
76734x,49912j,39476v,03833f,1/21/2022,4948.64,cheque,123.72
61462f,05069j,18448n,91244x,11/22/2020,5681.26,card,142.03
54374u,79867c,72263q,87627m,8/2/2022,3303.22,bank draft,82.58
39364w,45498g,40870r,90454c,6/19/2021,3696.74,bank transfer,92.42
91137v,96297b,43808m,93099s,7/28/2022,5422.95,cheque,135.57
32325z,30634q,49531c,54608m,8/14/2021,530.15,cheque,13.25
36474h,78067a,45740b,51915t,6/28/2022,3710.0,cheque,92.75
17185t,49075x,14090i,04028w,4/30/2022,6648.23,cheque,166.21
09617r,33812i,85611y,61241d,9/28/2021,129.84,card,3.25
22729r,79822g,71918r,86948y,11/15/2020,8349.37,bank transfer,208.73
06458h,55808w,32928u,80840q,7/23/2022,5934.23,cheque,148.36
92940v,36783g,52510r,54461c,6/12/2021,3027.45,cash,75.69
34969o,65536q,88623m,85219w,4/12/2022,6754.89,bank draft,168.87
85819y,81177g,55533g,05575l,5/25/2020,2505.85,cash,62.65
34515t,91362u,74050t,33371t,9/8/2021,8781.22,cheque,219.53
77555k,12608w,40589r,13441y,10/10/2020,3719.25,bank draft,92.98
29618o,72851c,13171y,32278s,8/10/2020,8181.85,cash,204.55
28530e,67586m,65844i,25024e,7/26/2021,7587.31,bank draft,189.68
13799s,78427l,44608b,26490b,1/7/2020,1491.04,cash,37.28
02313s,96212w,32241s,71587y,2/19/2021,9624.91,bank draft,240.62
58612v,92580q,51822u,52882g,8/1/2021,5263.25,card,131.58
49918m,16023b,33707v,04137s,9/6/2020,5976.05,cash,149.40
67850q,75959f,16086h,88629z,11/19/2022,5091.32,cash,127.28
88678k,86545p,06927r,44446d,6/3/2022,7962.29,cheque,199.06
94019j,86753t,20899f,86603i,5/27/2022,8489.86,cheque,212.25
61534v,93873s,18794d,23805w,10/17/2022,5602.22,cheque,140.06
27738t,74596b,86923b,02443h,8/28/2021,3363.52,bank draft,84.09
52816z,68952f,05545w,31124h,11/25/2021,3096.83,card,77.42
27581y,34520v,63023r,05432j,6/21/2021,2220.54,cash,55.51
29427h,55363a,35830l,28287k,4/17/2021,4125.76,cash,103.14
21718w,86653g,99280l,84798t,8/6/2021,4300.43,cheque,107.51
63544p,49418w,85067u,57003e,10/3/2020,1850.01,bank draft,46.25
17032r,56123l,01406h,78047v,6/25/2020,3743.94,cash,93.60
79341m,15170s,27847l,71094l,1/3/2021,667.0,bank transfer,16.68
60487z,49999n,68251g,61708d,3/4/2021,2064.33,cheque,51.61
09013b,51124w,73928v,28719c,4/22/2021,3246.85,bank transfer,81.17
20122i,68719r,55545j,06184x,10/2/2022,9094.46,bank transfer,227.36
79764f,77650e,07278h,06105p,7/3/2021,8970.72,bank transfer,224.27
14628u,67151o,73792a,33886d,1/7/2022,9531.76,cheque,238.29
98890h,01141r,29908d,99081p,10/21/2022,6613.19,bank transfer,165.33
67110x,54911n,97739l,82738b,3/23/2022,1147.28,card,28.68
53298a,83744r,71712s,65136s,6/29/2022,2225.14,cheque,55.63
39970h,28413o,82255f,44315e,5/16/2021,92.77,cash,2.32
23281y,85372q,49764u,09685d,11/6/2022,981.04,card,24.53
82522k,03283u,65600s,24181a,7/15/2022,4301.48,cash,107.54
89610j,62169c,25288e,87797s,10/29/2021,5496.49,bank transfer,137.41
34837f,98864n,27832v,00679j,7/22/2022,196.45,bank transfer,4.91
02601m,62310m,84826q,63159n,10/17/2021,9027.17,bank draft,225.68
00750w,29160j,27496r,48836g,6/15/2022,666.42,cheque,16.66
13825u,42620r,29312v,81980j,3/26/2022,6522.41,bank draft,163.06
45670i,67016j,53038v,39036l,12/13/2021,6002.68,cheque,150.07
21793j,92282x,54511b,17792c,12/19/2022,3991.42,bank draft,99.79
73926e,60268t,63645g,59567c,2/21/2022,6394.61,cheque,159.87
82066e,63859y,48200u,28746t,10/21/2020,7262.03,bank draft,181.55
52578t,85400e,82547w,92710e,2/10/2020,9327.14,cheque,233.18
16553q,76574l,80354h,80963q,9/13/2020,8036.62,cheque,200.92
05775y,88917i,75740o,35674m,5/1/2021,3205.55,cheque,80.14
76389g,08776h,04171h,14873s,1/13/2020,1953.49,bank transfer,48.84
78810s,73572i,68064z,74437z,8/10/2021,7185.73,cash,179.64
87654e,76129e,85090k,06541z,7/9/2022,3250.17,cheque,81.25
94354r,51480t,19972l,16289f,8/6/2021,7784.22,card,194.61
31430s,67231f,94314o,74796e,6/12/2021,6073.42,bank draft,151.84
20780t,84524n,80052u,41594z,6/28/2021,3534.16,cheque,88.35
20234y,58278v,18452t,62147p,8/14/2021,9662.84,bank transfer,241.57
72539u,48485k,87665s,76252y,12/21/2022,3558.69,bank draft,88.97
14851l,43542g,31922g,25016z,12/8/2021,3420.67,bank draft,85.52
68237o,42862j,89340m,59287x,6/22/2021,7126.81,card,178.17
69672g,60269v,28117g,20393p,4/20/2021,5823.45,bank draft,145.59
39539l,52948h,56459e,34674j,11/24/2021,1036.03,bank draft,25.90
04090j,53390o,46237z,72060w,4/18/2020,5863.21,cash,146.58
24999n,30741q,24179z,84631f,2/21/2022,1175.25,cash,29.38
50770g,88992q,89983d,31417h,3/5/2021,8444.97,bank transfer,211.12
40125v,61628a,18388u,89035w,8/10/2021,1977.41,card,49.44
58951h,81981h,32409s,81094j,12/13/2022,5902.17,cash,147.55
40526i,90702f,02114u,80581d,3/14/2020,4254.32,bank transfer,106.36
26503n,10340f,51420u,06121o,2/27/2021,4544.27,card,113.61
89546u,20517m,05542t,74473a,1/30/2020,3486.43,card,87.16
58645a,24062o,17344v,79745n,6/25/2020,8147.27,bank transfer,203.68
30409d,14903h,03091t,54128j,4/17/2021,1106.9,bank draft,27.67
30417h,24734h,16456o,78087a,10/10/2020,1590.22,cheque,39.76
37162q,88941c,53956z,65025p,12/5/2020,9116.19,bank draft,227.90
58886t,68006s,59301o,02018c,7/14/2021,1950.72,cheque,48.77
83574m,20556k,97850g,69800c,10/29/2021,8609.45,bank transfer,215.24
98129d,62303n,29918j,17844h,12/14/2021,2367.92,bank transfer,59.20
08505t,77082h,20164r,26407l,9/6/2020,2649.49,cash,66.24
35211d,33950h,51599e,50048z,5/22/2021,305.91,bank transfer,7.65
58717q,92596g,71338d,89747w,10/23/2022,766.63,bank transfer,19.17
78744n,08286f,98255h,06023m,2/1/2022,6058.89,bank transfer,151.47
15736l,08057k,83086a,96505c,11/4/2022,6645.63,cheque,166.14
45693x,77624o,24070k,12705h,12/20/2021,1569.8,card,39.24
97903b,96122i,20941l,90942f,7/30/2020,2633.11,bank transfer,65.83
14106o,21622s,59807s,55056b,8/6/2021,7718.61,cash,192.97
34152p,34031i,04050x,40308n,4/1/2020,9942.33,bank transfer,248.56
91377k,68759e,07223e,94272t,5/25/2022,7826.73,bank draft,195.67
56903d,02477a,88127x,58961h,1/26/2020,5409.2,bank transfer,135.23
41587q,17210q,98265j,81843n,5/27/2022,6982.6,card,174.56
91271h,71017u,78037u,35673k,1/4/2021,3585.75,bank draft,89.64
98902d,78269a,06815z,90176r,5/11/2022,4462.09,cheque,111.55
65239r,15174b,99842m,47225g,11/3/2022,9570.69,card,239.27
47510r,86791j,76493u,79768s,11/7/2020,6691.15,card,167.28
44689x,78295k,55859t,02724t,3/20/2021,4933.34,bank draft,123.33
47562e,81281z,71871l,01236l,1/10/2021,1743.1,cheque,43.58
00808t,36017z,68065t,22282e,2/26/2020,3686.37,cheque,92.16
93016a,86859v,79110f,32327g,10/17/2022,5547.33,bank transfer,138.68
93159x,07460w,88429z,09102f,2/17/2020,8690.3,bank transfer,217.26
22315h,01524c,29651k,65461p,4/10/2022,4322.17,bank draft,108.05
65312z,52123p,62588b,25906o,5/1/2020,774.7,cash,19.37
19484q,49758c,98698o,35200r,1/23/2022,2936.47,cheque,73.41
65672x,77192l,21109n,91056h,6/26/2021,1894.14,bank transfer,47.35
79065r,02733v,29010y,75770p,12/26/2020,5403.28,cash,135.08
71558u,27524a,27694b,68928k,11/15/2022,6553.64,cheque,163.84
30663h,82470f,02142r,05306h,2/20/2020,6435.07,card,160.88
71609v,07134x,99028p,54004g,2/22/2021,134.01,bank draft,3.35
08001j,19456l,98806y,90012x,3/31/2022,8991.62,cheque,224.79
03297l,42163w,36655j,45886h,6/21/2020,4183.7,cash,104.59
93361h,06838i,77741a,72301o,9/9/2021,3854.14,bank transfer,96.35
24442c,54541i,17855k,52145l,9/3/2020,1693.96,bank draft,42.35
55026n,50473a,20306v,14068t,1/27/2020,1317.29,card,32.93
41502x,26554d,93713f,11389y,9/17/2022,5907.12,card,147.68
31756p,09003w,96403b,60136m,10/22/2020,5982.5,bank draft,149.56
36136k,13711l,13735t,54615m,8/10/2021,7937.8,bank draft,198.44
02137j,99259i,45561c,08923b,5/15/2022,3036.85,cheque,75.92
20087d,62839e,90483m,58047g,7/2/2020,4790.31,bank transfer,119.76
20514k,97198t,25422f,52726a,11/11/2020,8904.03,cash,222.60
64099n,78316j,18215z,84232q,7/16/2020,4945.95,cheque,123.65
20376z,73223c,55148v,08542y,6/26/2020,5633.93,card,140.85
75696s,69578a,20676i,58701m,3/4/2021,4743.22,bank transfer,118.58
20297y,73280a,73827c,08169m,8/5/2022,2473.46,bank transfer,61.84
44035k,79771w,74380p,54383m,9/5/2021,5027.76,bank draft,125.69
62992m,53347n,25657z,51203a,11/17/2020,9670.51,bank transfer,241.76
91652v,26754c,72870p,82784x,10/9/2020,7367.35,cheque,184.18
68318h,44141h,75318f,93317p,7/27/2020,3664.52,bank draft,91.61
36404h,22670s,47552h,93760z,8/9/2022,725.06,cheque,18.13
18091f,51474l,52735l,05406u,4/3/2020,4318.77,cheque,107.97
81031o,42003n,68321a,07913f,1/24/2020,5902.37,card,147.56
46075p,88485u,53496x,87978i,9/15/2022,8401.32,cheque,210.03
65269p,09436f,92322p,16664x,5/6/2022,9822.99,cheque,245.57
35640v,58429s,31468t,67335s,4/11/2021,649.55,bank draft,16.24
02119a,48262k,12988i,46130h,5/9/2022,5670.71,cash,141.77
76905n,97127o,44798c,01967q,7/31/2020,2027.41,bank transfer,50.69
57981o,82053h,66526a,84802p,11/18/2021,7448.19,cheque,186.20
82435w,49728i,76864r,40890t,12/4/2021,6617.99,bank transfer,165.45
10893p,10582g,66189s,50919i,3/3/2021,1596.66,bank transfer,39.92
22850b,54703o,52897q,91916j,2/26/2022,2171.28,bank draft,54.28
26686b,17975o,84738w,19407n,7/21/2022,5598.74,cheque,139.97
73589f,02034o,86642p,93475y,2/9/2020,1505.9,bank draft,37.65
81850z,04254r,64544r,56175a,1/22/2020,8086.62,bank draft,202.17
21270l,40145d,00662r,24982l,4/30/2021,9795.95,card,244.90
50583g,20418m,14326c,86323p,10/2/2022,5396.24,cash,134.91
47327b,78535k,43209r,93740j,3/8/2020,7874.39,card,196.86
73498s,25114x,37741g,90425f,3/30/2020,8519.18,card,212.98
91197w,61086i,93310p,45941j,11/24/2020,4158.87,cheque,103.97
02852h,62891b,35554e,18615r,5/13/2020,3968.39,bank transfer,99.21
24431b,52567e,65451i,64374s,7/13/2022,3709.36,bank draft,92.73
84806r,89231f,61741i,05965v,3/31/2020,692.17,bank draft,17.30
94108s,49984a,05656f,06681g,11/29/2021,4585.78,card,114.64
50674d,08693o,59129k,30902d,10/13/2021,1480.72,cash,37.02
22925n,87425o,31673c,66563u,2/14/2021,8684.83,cash,217.12
39932a,39990p,53544m,78000x,1/17/2020,7709.77,bank transfer,192.74
86940f,93239c,57482o,29224g,2/16/2020,7660.5,cheque,191.51
87958n,26925s,04642y,91850s,4/22/2020,2357.84,cheque,58.95
70362l,72881k,55070a,08165w,10/22/2020,9420.53,bank transfer,235.51
55148l,59910p,22021f,47895c,2/2/2020,8137.28,card,203.43
18522s,16904o,45510h,67085j,3/15/2020,8494.7,card,212.37
63848p,13972n,72640x,73451h,7/30/2021,6142.64,bank draft,153.57
50944t,34292d,74448q,00019u,1/21/2022,9483.7,bank transfer,237.09
21085r,00943n,71709r,43954p,4/27/2021,2009.75,bank draft,50.24
73363m,76883c,60132t,05834h,12/26/2021,3466.62,cheque,86.67
53678m,17426h,74232x,51916b,11/10/2020,8564.6,bank transfer,214.12
95392t,66678d,73980l,70918j,5/7/2021,5.58,cash,0.14
74079r,92890s,21463m,14326n,11/7/2022,7040.84,bank draft,176.02
98072a,18957i,57686x,93412w,5/14/2020,258.94,card,6.47
22516m,02329y,57163w,13306i,5/2/2020,1525.51,bank draft,38.14
86699h,71751e,23453v,10564s,5/28/2021,8201.35,card,205.03
29777a,58916x,04007l,35693d,11/20/2021,6326.65,card,158.17
59036o,31880y,87912y,67148u,12/5/2020,1893.58,cheque,47.34
44928f,39811q,85301e,11328n,1/20/2021,2282.38,cash,57.06
97160f,89458p,52603j,49745t,6/28/2020,9930.84,cash,248.27
95000l,93552c,66265d,90740n,10/24/2022,9201.05,card,230.03
12438w,04200t,40691c,03765y,9/28/2022,8812.37,card,220.31
21681y,87713h,43907z,10838j,10/19/2022,9187.15,cheque,229.68
58409c,90237c,09713f,70756r,9/26/2021,4306.34,cash,107.66
85302h,02350p,39492q,74284x,1/15/2022,7245.84,bank draft,181.15
97278d,81569d,91435d,67751f,12/8/2021,8159.49,cheque,203.99
87347n,82070w,25623j,43399z,1/28/2021,3298.96,bank transfer,82.47
39526o,90656z,68044b,45035d,5/9/2021,5793.64,card,144.84
23449b,64009a,13559r,20757t,6/11/2020,6367.3,bank transfer,159.18
53517o,28080b,98660d,85564r,5/20/2020,1187.12,bank transfer,29.68
92008s,34933j,29122r,76638t,6/14/2022,743.83,card,18.60
18627k,07216x,01492l,82013w,8/30/2020,3230.56,card,80.76
42758a,67934v,92625f,59629q,1/5/2021,266.47,cash,6.66
31013z,09493d,13794g,94555n,10/6/2022,226.58,card,5.66
65256t,88457u,68772i,10625p,3/6/2021,1930.62,bank draft,48.27
81601v,49392c,72852x,64868x,6/21/2022,7093.94,bank draft,177.35
26436d,18182i,85019w,21775e,4/28/2022,2673.35,card,66.83
08723t,43825f,77258b,85518a,7/14/2022,9553.97,cash,238.85
60291u,15726z,07060c,67311c,2/14/2022,1367.97,cash,34.20
19736k,57851t,98489i,68631t,9/11/2022,7478.58,card,186.96
14656m,37440z,57966n,05933g,1/31/2020,3871.6,bank transfer,96.79
12854r,37309h,00004c,78732e,3/10/2022,1335.57,bank draft,33.39
83555v,97349h,60534f,99681r,4/18/2022,1542.08,bank draft,38.55
80517g,12058h,45156a,79548a,11/14/2021,728.22,card,18.21
67517m,53357q,59236o,21695s,7/18/2021,1508.33,card,37.71
75541v,33638e,15936e,17603n,4/18/2021,4255.77,cheque,106.39
84856t,93062h,32587w,03711w,11/19/2021,5830.61,bank transfer,145.77
67911o,06115u,61535e,61521v,7/8/2021,1374.38,bank transfer,34.36
60695d,36256b,72476k,91811u,12/22/2022,6129.46,cash,153.24
78366z,30968p,48279z,20190x,7/8/2022,6536.59,cash,163.41
80899u,96195m,81894r,04218k,3/27/2021,6608.93,cheque,165.22
74909p,38844f,46062u,24732e,8/8/2020,7508.42,cheque,187.71
81142c,00015e,35169z,56728e,8/31/2021,7013.88,cash,175.35
45751s,06299s,35576n,48524j,7/4/2020,5721.11,cheque,143.03
34117f,26475k,83064m,49247k,6/3/2022,1405.53,cash,35.14
79233g,50879q,31893s,79699q,7/3/2020,3912.67,card,97.82
63984g,60172w,24945v,15490b,8/21/2020,4999.4,bank draft,124.98
33111o,71160a,05851f,60709b,11/9/2021,855.84,card,21.40
07193h,13680a,60022j,97476l,6/21/2021,4330.84,card,108.27
79565r,86763b,14122c,55463o,10/22/2021,2018.28,cheque,50.46
47891n,30086k,87902j,93388t,3/19/2022,5342.11,bank draft,133.55
26717o,01270e,66306t,87734v,5/23/2020,8521.92,card,213.05
89960t,60029o,91723j,33244h,10/24/2021,1084.15,bank draft,27.10
85983j,30714p,70587x,29732v,6/15/2020,4866.01,bank transfer,121.65
53124i,22729f,70141l,55698t,11/24/2021,2458.51,cash,61.46
79179d,90731h,91215z,02149x,1/12/2020,2922.93,bank transfer,73.07
15335k,53852c,86547e,25944e,11/18/2020,3136.1,cash,78.40
90671y,41668d,49080x,41654h,3/18/2021,5434.5,card,135.86
30726r,49143w,79159u,69388v,4/12/2020,2286.59,card,57.16
29218s,21187b,36499c,96282x,1/1/2022,4864.8,cheque,121.62
72177p,74067l,75536i,77936t,7/18/2021,7651.04,bank transfer,191.28
00701x,94735t,57309v,29646x,12/27/2021,9137.19,cash,228.43
96164c,61193f,55884v,84541h,3/20/2021,4592.97,cash,114.82
93869i,11059g,86536w,51003k,8/31/2021,955.32,cheque,23.88
87336y,94941f,84692j,78371k,4/27/2021,3778.57,bank transfer,94.46
31117k,28937t,21099n,97230x,3/23/2020,8920.37,bank draft,223.01
77188j,79354m,22161j,44344t,4/3/2022,6334.98,cheque,158.37
12836b,38185f,39145q,30328f,6/6/2021,850.15,cash,21.25
30496g,07312u,95113t,36218s,2/7/2020,7914.24,cash,197.86
58114t,61034r,54160u,06111f,5/31/2021,6192.53,cheque,154.81
25152q,46217u,89740u,77509p,7/6/2022,7368.69,bank draft,184.22
31408m,97091h,99862s,13468m,12/22/2022,2243.05,cash,56.08
59778c,82357l,92343v,92987q,11/30/2020,8613.64,card,215.34
02455o,98908d,43539h,16368j,7/23/2022,1898.2,bank transfer,47.46
12996j,18867j,87836e,92352j,11/1/2020,8378.85,cash,209.47
25968k,02763v,61579j,84878g,10/26/2021,1419.82,card,35.50
42422y,33181z,70206d,20515t,1/5/2020,2256.18,bank transfer,56.40
58647t,05246u,15174c,27227t,8/17/2022,3059.99,cash,76.50
56441j,59733l,98385r,39576z,7/7/2020,1615.08,cash,40.38
77534u,29646b,85442p,28246b,8/14/2022,7864.43,bank draft,196.61
75185q,71102g,13379h,67678v,4/15/2022,6401.83,cheque,160.05
20237h,39192k,21959c,36248w,4/5/2022,1797.51,card,44.94
50786b,08293u,82070h,14356p,3/11/2021,1936.14,bank transfer,48.40
83133k,41869q,33793k,94499r,8/17/2021,4790.31,bank draft,119.76
21725j,74209k,53795j,87385j,6/13/2022,7474.44,card,186.86
83349s,74091y,63415y,79719d,8/20/2021,8114.47,card,202.86
79644u,08898b,93237s,39028y,3/22/2021,5787.93,cheque,144.70
82023b,11036c,31036z,05259d,9/24/2021,5697.34,cash,142.43
94761t,34288i,35697v,51577b,3/12/2020,4316.69,card,107.92
10090y,28546i,70222n,63713j,12/17/2021,1698.64,bank draft,42.47
10043u,30864u,96987r,73553f,9/22/2020,5341.92,bank transfer,133.55
85099z,16525y,34438q,08434e,6/20/2022,5740.26,bank draft,143.51
75619t,35066d,64756i,14511e,8/25/2022,797.18,cash,19.93
48734r,01491q,39306c,37545n,7/24/2020,547.23,cash,13.68
96886n,95072h,14834z,29874c,2/7/2022,9351.06,bank transfer,233.78
53908r,89027u,55535y,54678v,1/5/2021,7580.63,cash,189.52
04421f,07571x,28601r,70439o,10/1/2021,1554.27,bank draft,38.86
50364w,57394u,15703r,41236c,1/21/2021,6946.62,cash,173.67
78674y,91952y,89912j,42437f,7/9/2022,4578.09,bank transfer,114.45
64646h,87257y,10756z,30631d,9/16/2022,9452.08,card,236.30
04186t,34519g,44489x,78533p,2/12/2022,2709.57,cheque,67.74
40411z,73319a,76233y,79078d,6/14/2022,8634.02,bank transfer,215.85
89005c,88883o,28773y,44778x,8/14/2022,1924.54,card,48.11
29319i,97531u,36825a,95502v,2/9/2020,2603.52,bank transfer,65.09
15057y,39512a,37978o,52582z,4/26/2020,8020.22,card,200.51
48957u,01587l,07374a,57884q,11/18/2022,8618.51,cheque,215.46
72606c,71814r,53526s,88849g,6/17/2021,7670.61,cheque,191.77
91728b,34357h,67852e,13818r,12/2/2021,8813.4,card,220.34
53508t,99983e,50068e,60908x,11/19/2022,124.19,cash,3.10
40230r,65769m,74804e,37608u,4/27/2020,3188.03,bank transfer,79.70
99230a,00790m,31792r,56849i,4/1/2020,7537.11,bank transfer,188.43
80196t,35430r,56848n,92323v,11/11/2022,5758.4,bank transfer,143.96
43711m,23181s,74915d,34496j,3/13/2021,8124.83,cash,203.12
25907i,52864d,54504o,60516c,9/2/2021,5676.65,cash,141.92
43689g,38469a,95930y,11420l,6/9/2020,955.79,bank draft,23.89
04052x,18454r,39799s,96740w,12/5/2021,846.68,cash,21.17
29416c,60435b,88541g,89850c,3/19/2021,757.94,bank transfer,18.95
23126q,72725b,21034u,69114v,7/13/2022,6976.85,cheque,174.42
47240d,56580x,35286x,81195y,1/24/2022,7112.69,bank draft,177.82
51878t,18708m,97485j,90313j,3/18/2020,6823.4,cheque,170.58
49865s,66013a,39116f,63130i,6/30/2022,2134.58,bank draft,53.36
39073v,03810z,19786w,54342f,2/12/2022,2020.76,cash,50.52
51542t,43244x,48723w,17083c,11/20/2020,2027.79,bank draft,50.69
49731r,52843y,71416o,41199d,12/18/2020,2853.98,bank draft,71.35
11734t,60018r,90722q,04700t,1/22/2022,2364.7,bank draft,59.12
01710f,58747h,96800z,39478v,5/24/2021,6690.77,cash,167.27
13435v,55404z,42990p,98925u,9/5/2020,3869.01,cheque,96.73
29980y,46881t,02909o,79340w,2/6/2020,472.06,bank transfer,11.80
57667h,65647r,96738g,47935s,4/2/2020,8699.22,bank draft,217.48
70925h,19271r,25603t,70478u,3/16/2021,4847.28,cash,121.18
20197f,24601k,46576v,41667i,8/15/2021,1358.87,cheque,33.97
04510p,39405j,50781p,09324w,12/20/2022,9318.98,bank transfer,232.97
46574z,74601l,59341b,66148d,6/30/2021,1740.84,cash,43.52
55934q,10670t,10186r,97039p,3/27/2020,4335.51,bank draft,108.39
52995v,28126e,39626h,98750i,6/16/2021,7689.65,cheque,192.24
42189x,57011o,08948a,03731g,6/15/2020,1109.1,cheque,27.73
82276s,57821w,64632h,05434j,9/10/2020,4235.34,cheque,105.88
87655k,05227p,48666i,97505g,10/8/2021,3677.29,bank transfer,91.93
18882e,32716v,72068q,97965m,10/21/2020,637.0,bank transfer,15.92
98989c,19560a,19604e,28128t,11/17/2021,8237.95,cash,205.95
13837q,53780e,65737e,91658o,4/16/2020,6333.43,cash,158.34
81122h,92600o,57067o,02947g,11/21/2021,3097.26,cheque,77.43
36142k,24949v,77128u,35878m,7/1/2022,1103.38,card,27.58
25602q,38487q,81578v,89676b,5/6/2021,1212.39,bank transfer,30.31
04255g,03954w,82873i,48363h,12/23/2021,788.32,cash,19.71
20692j,73265f,15276b,78665t,2/27/2022,6399.02,card,159.98
58127g,58528a,00166h,84564j,9/9/2020,5856.12,bank draft,146.40
44105e,97329o,60154v,28033z,7/31/2022,3089.81,bank transfer,77.25
29787q,12350j,16156u,15276n,7/12/2022,5194.4,card,129.86
81872t,96657k,09169c,44615l,3/30/2020,862.53,card,21.56
74316e,25275w,77619c,04386y,6/24/2021,9064.63,card,226.62
87561g,71520j,24164e,18211q,11/8/2022,3720.91,cash,93.02
61391v,57349s,17247y,27248r,4/6/2021,2732.42,bank draft,68.31
42926z,68504v,69431p,13319i,2/22/2021,7230.91,bank transfer,180.77
13537e,73531a,22414b,90713y,10/31/2021,584.76,cash,14.62
09777s,28315f,47001g,03870c,8/12/2022,5239.94,bank transfer,131.00
11642q,72771u,96493v,93953g,4/13/2022,7085.88,bank transfer,177.15
88356s,30825f,41446n,87212v,6/26/2021,2114.51,bank draft,52.86
75004j,29443c,65225f,83995j,3/9/2020,3621.0,bank draft,90.52
93677e,30850y,32413p,11619i,6/27/2022,4224.05,cheque,105.60
06586k,92292c,96541x,64261x,2/4/2020,2982.2,bank draft,74.56
59342a,03342r,59472o,62059v,5/7/2020,8062.86,card,201.57
04553u,69187g,87923c,29575g,1/8/2020,9282.09,cash,232.05
97444d,86110h,65007b,26417q,7/26/2022,6577.48,bank transfer,164.44
83179z,38620w,62739t,93164k,8/9/2022,7667.89,cash,191.70
39115i,47941v,32084j,38038l,5/19/2022,2328.94,cheque,58.22
94685d,16491j,82046d,17825h,4/3/2021,2961.39,cheque,74.03
19950m,87123l,87846k,63012c,9/6/2020,6759.91,bank draft,169.00
20102c,86346y,04420c,03493w,8/31/2021,2367.18,cash,59.18
33772e,72297t,93418w,93547c,5/31/2022,1248.21,bank draft,31.21
27553s,59098o,43147w,65631x,5/28/2021,1877.6,bank draft,46.94
12054c,94084v,60593t,90881i,11/6/2020,2491.88,bank transfer,62.30
83242k,69478f,07271z,34168b,3/6/2021,2735.12,cash,68.38
14579m,02913e,34746u,80825g,7/20/2021,6566.34,bank draft,164.16
10805q,77421a,61015t,34949i,1/7/2021,2454.16,card,61.35
60651o,20941r,96181b,93995l,8/24/2020,4163.31,cheque,104.08
38138k,44669w,67633g,78927n,2/13/2022,9623.42,card,240.59
63352z,19033d,71408d,48922y,5/11/2022,5137.54,bank transfer,128.44
67574k,90217j,73298j,58221n,10/6/2022,1148.4,bank transfer,28.71
78515q,12813r,34611l,54038o,9/7/2020,3688.71,bank draft,92.22
49381h,29020v,45472a,45564v,2/15/2020,4023.08,cheque,100.58
44013f,73730n,18874g,03197o,12/20/2022,6293.85,cheque,157.35
02696e,41874a,99924b,34717q,7/12/2020,5886.77,cheque,147.17
82398e,21507a,11825e,06106x,4/11/2020,862.23,cash,21.56
52067p,15810h,29148y,58957s,9/26/2021,4008.01,cheque,100.20
06386i,87296r,90118x,46574m,1/24/2022,8504.13,cash,212.60
38133p,02700z,26355c,18387g,6/9/2021,9909.47,bank transfer,247.74
84492g,06575j,21682k,73016u,10/1/2021,9739.06,bank transfer,243.48
22139c,91256e,23457p,06010v,5/28/2022,3296.96,card,82.42
29716c,03715f,67151r,83476o,10/31/2020,9122.31,bank draft,228.06
83212l,66119w,91293e,08359p,10/28/2022,4951.37,cheque,123.78
96962x,12031e,57023j,16090d,10/14/2021,4083.4,bank draft,102.08
63253k,23204c,14598d,40916t,8/4/2021,724.4,card,18.11
19175d,27809m,06409p,45528w,8/31/2021,7878.1,cheque,196.95
31430g,95670o,44677a,90790l,4/26/2022,4680.39,cash,117.01
69788l,42103t,00586u,71036c,2/23/2020,4292.13,cash,107.30
14192g,86678v,03875u,76583c,7/9/2020,7613.22,card,190.33
59085g,36194b,26208c,77646d,10/2/2020,9940.31,bank transfer,248.51
74673o,68157u,10018a,93131n,3/18/2022,3188.33,cash,79.71
80934l,35479a,46669m,59706c,9/29/2021,2452.2,bank draft,61.30
60367o,02492y,42376q,36793a,10/16/2022,8704.35,card,217.61
18191s,53265h,64913k,63128k,11/17/2021,3873.55,cheque,96.84
22419m,92007l,77277c,23323j,7/27/2020,6723.14,card,168.08
27358i,39296q,71384x,23684h,1/24/2020,1914.81,bank draft,47.87
11416u,09740q,18255j,83457e,2/13/2020,545.28,bank draft,13.63
51379u,32753k,55043s,85417l,7/15/2020,1698.23,bank draft,42.46
86041t,30041r,66143z,50895b,2/20/2020,5845.76,cheque,146.14
56640i,86605g,91201l,26860y,2/14/2022,7363.25,cash,184.08
30352y,15546c,53752z,10036p,12/2/2020,9755.71,cash,243.89
22732m,09734u,52929t,28406l,2/21/2021,1853.96,bank transfer,46.35
70846f,03955m,06756i,06288b,4/25/2022,1804.64,bank transfer,45.12
78880s,28681r,85880q,64224s,10/26/2021,2705.52,card,67.64
02644j,26434g,76059t,35409w,11/2/2021,6463.79,card,161.59
45652i,87014m,27513s,85894w,12/24/2022,7635.48,cheque,190.89
99264q,81393d,34915e,41474t,5/28/2022,3329.89,cheque,83.25
72866h,01676x,56544n,82662p,4/17/2022,3957.02,cash,98.93
29134j,18041i,46886d,86547l,9/22/2022,986.72,cash,24.67
17672g,85852v,48955r,54065j,11/30/2021,981.45,bank draft,24.54
94975m,06694l,84120b,40180i,12/25/2021,5460.94,card,136.52
30941s,82744g,88499k,86271a,8/29/2021,4140.23,cash,103.51
39263p,76516o,61720d,15658o,2/20/2020,7981.0,card,199.52
97699k,96281f,19683t,61906z,4/21/2022,5451.46,card,136.29
18097v,80812g,84734q,10263l,12/9/2020,1544.36,cheque,38.61
15046w,74460i,18142t,37692c,7/21/2021,4481.8,bank transfer,112.04
56768x,01737z,88333z,05631a,9/11/2021,1351.87,cheque,33.80
85970t,16545n,49996b,39851a,12/8/2021,7648.72,bank draft,191.22
82950p,58229s,75342x,22082z,8/15/2022,3119.01,card,77.98
04870b,80874e,39600g,07424v,7/22/2021,2044.91,cash,51.12
16152l,89385e,04396p,04005c,3/26/2020,5041.06,bank transfer,126.03
42438i,76089w,07654i,03350n,9/7/2020,240.99,card,6.02
75888y,81333x,83596g,18346e,4/23/2021,4845.52,bank draft,121.14
55640n,95996q,57479j,53535o,7/12/2021,9107.0,cash,227.68
36149v,48990g,55218o,03969f,1/26/2020,6159.24,bank draft,153.98
87076r,59427i,33100r,77129u,9/19/2022,1119.74,cheque,27.99
32158i,85389p,87027z,57967h,10/5/2020,7125.8,cheque,178.14
12283o,59154o,67492k,87658f,4/12/2021,2227.71,bank draft,55.69
78887d,99829n,98390w,28023b,6/21/2020,2290.5,bank transfer,57.26
71239a,95664k,05377x,93850v,6/5/2021,8247.01,card,206.18
16264s,63073e,83101n,37424f,9/2/2021,5084.46,cash,127.11
42915z,74140i,65637p,24716w,6/28/2022,3749.73,cash,93.74
76585k,52911n,42029t,92298n,7/12/2020,2975.06,bank draft,74.38
44718d,93421s,46829r,82185f,11/12/2020,1634.99,cash,40.87
83246w,69122w,37085c,46612r,2/22/2020,8711.17,cash,217.78
85390x,81544r,72125k,12106v,8/21/2020,8787.54,bank draft,219.69
90255x,65501i,03492o,12417f,3/4/2021,3943.78,cash,98.59
86507m,69182h,49117v,99075d,7/19/2022,6420.05,cheque,160.50
80058j,94230m,82480i,27570x,1/16/2021,6499.24,cash,162.48
85949b,74292u,60102b,75836s,6/11/2020,857.57,bank transfer,21.44
45247n,44251l,57243w,04901o,12/27/2021,9904.6,cheque,247.62
78274a,01405k,66262c,26938h,1/1/2022,8380.76,cash,209.52
23721i,06019w,50226r,87118f,11/15/2020,7183.02,cash,179.58
99412d,69659t,94103n,42044v,9/5/2020,3629.67,cheque,90.74
98285s,69186j,78997k,06572c,2/26/2021,255.57,bank transfer,6.39
67968l,66810z,96189i,91277t,11/18/2020,5650.55,cheque,141.26
37665j,17228x,58949c,20958a,3/18/2020,2025.32,bank draft,50.63
98365t,01443p,00568z,81490v,9/23/2021,1777.32,card,44.43
28554h,67533u,07929u,83000r,1/20/2021,9739.7,bank draft,243.49
85920z,94747s,92339m,69248i,1/3/2020,1866.22,cash,46.66
28496q,48522t,80286n,62437k,8/19/2020,9430.11,bank transfer,235.75
50978c,35989q,32015v,10508w,5/12/2021,4911.9,bank transfer,122.80
58875o,78980k,14690u,91829c,6/4/2022,6914.28,cheque,172.86
06325q,07835h,97408n,74379d,5/10/2020,7511.01,bank draft,187.78
02800s,02312u,59475v,36879q,5/29/2020,6441.49,cheque,161.04
41774g,29895q,41240e,51240p,3/5/2021,274.63,card,6.87
70400l,48559k,60736h,42186c,8/20/2022,7908.72,bank draft,197.72
94207k,78786b,44850t,48594l,9/23/2021,2900.44,card,72.51
93124o,75885z,80324z,79956e,6/5/2022,6736.92,cheque,168.42
48262e,80863c,44501q,38655i,9/2/2020,7077.13,cheque,176.93
34970z,60039f,99896s,62812d,3/31/2020,8293.63,bank draft,207.34
36494t,06900e,75535p,73341c,11/29/2020,7734.48,cheque,193.36
71470x,20290u,40201t,15312o,2/15/2020,2694.12,bank draft,67.35
82037w,12939v,13567p,57127c,12/3/2021,7948.39,cheque,198.71
96895a,80121a,17735b,61417v,2/12/2021,2996.67,cheque,74.92
62831k,20361z,14669k,78174s,1/6/2022,9543.37,cash,238.58
42790n,58235q,94297y,74787z,3/16/2021,7650.39,bank draft,191.26
86467k,82397o,22978d,25381y,7/13/2022,7833.48,bank draft,195.84
62772y,03266k,47636l,18922m,10/15/2021,7614.02,cash,190.35
28023k,10102o,14131m,30391f,1/16/2020,7572.57,card,189.31
63266o,42441c,88235m,49333x,11/2/2021,9005.89,cash,225.15
31442t,17582j,66155z,97957e,10/16/2022,6223.64,bank transfer,155.59
18542f,62067i,71772j,17314v,8/22/2022,8655.32,card,216.38
00596e,80237w,67129d,29776j,8/5/2020,4331.33,cheque,108.28
78023u,49697n,57186i,89395f,7/18/2022,5464.26,cash,136.61
02840w,09755n,49801q,45529c,11/15/2022,6096.09,cheque,152.40
62213s,59094n,21015i,50713h,1/29/2021,9194.08,cheque,229.85
43638q,39106c,43455m,37666y,6/22/2021,8174.29,bank draft,204.36
40733n,88294h,64606q,45992d,8/14/2022,9456.72,cash,236.42
38760q,30771e,73096n,51934v,1/2/2022,2780.97,bank transfer,69.52
57908i,18696s,46861y,88859q,9/26/2022,9037.43,bank transfer,225.94
78735d,63718p,33644l,96999a,9/3/2021,6105.35,bank draft,152.63
62954n,04097t,63637x,94215j,12/2/2020,189.79,cheque,4.74
75894k,22194r,48948i,41302n,2/24/2020,3349.45,bank draft,83.74
73356t,34355k,34749n,53956t,3/9/2021,9007.86,bank transfer,225.20
64477h,42684x,60983c,23869a,11/9/2022,1831.94,bank draft,45.80
40548c,19667n,21916r,23197c,7/17/2021,6088.85,cash,152.22
45680q,31312q,36673q,59922y,4/27/2020,9512.71,card,237.82
84878a,61731k,41445x,64368l,10/30/2022,2572.49,cheque,64.31
02773e,50676x,88269p,50360m,8/3/2021,6649.68,cash,166.24
64072k,33720f,22602v,60252h,2/6/2020,2059.21,bank transfer,51.48
58831f,46461e,39638j,89017j,4/27/2021,3418.43,bank transfer,85.46
28004s,90772e,78170d,05705c,12/18/2022,2556.65,card,63.92
30730m,52667z,89672d,81190p,4/17/2022,5038.0,bank transfer,125.95
56247s,70288j,69970n,28545o,8/2/2020,8516.19,cheque,212.90
00232z,50640p,38488n,90810p,10/6/2022,5126.95,cash,128.17
62196j,31720x,47745r,27146d,11/8/2022,8271.64,bank draft,206.79
52141c,69914c,17378p,25358m,1/31/2020,1045.52,bank draft,26.14
92401f,33308m,89041u,03595f,2/19/2021,1307.19,cheque,32.68
76900a,84299w,65722i,21876f,7/13/2022,1239.59,cheque,30.99
18930k,37874p,27636a,29697z,3/21/2021,1839.49,card,45.99
59015q,94806p,25374h,56944l,4/7/2020,921.83,card,23.05
85538b,26768q,57402o,02430v,7/26/2020,5155.43,cash,128.89
61433i,44817w,22640y,01198t,3/29/2021,4963.76,bank transfer,124.09
81708d,33373w,19427e,98465d,8/9/2022,9168.26,cash,229.21
26304u,48377j,20136m,74743f,12/25/2021,8713.5,cheque,217.84
31539g,52228x,74887h,62731n,10/7/2020,1156.06,bank draft,28.90
58943u,02400y,14037y,97791j,2/25/2021,2780.23,bank draft,69.51
49031u,64952m,66369m,27643v,4/14/2021,6320.13,card,158.00
59741s,46676x,25046r,83726y,6/25/2022,892.73,bank draft,22.32
35506c,24597o,25657m,10647v,2/10/2021,3652.99,cheque,91.32
30791p,92962k,74751r,74560l,9/1/2020,1113.53,cash,27.84
25462f,88070z,56441q,43390p,4/7/2021,2052.71,cheque,51.32
44767s,88746j,02684n,75199i,12/9/2022,6775.31,cheque,169.38
67898i,77625y,76649p,77954z,2/1/2021,4109.4,bank transfer,102.74
05243g,10840z,58549b,15229y,9/28/2021,7583.9,cash,189.60
21849o,48610w,53098s,04261g,4/15/2020,5932.43,bank draft,148.31
52778t,05676a,74399n,36369s,9/15/2021,3203.91,cheque,80.10
50412v,36345l,05154h,00868d,4/26/2022,9474.99,card,236.87
57513g,15744b,03135h,68303s,6/25/2020,6965.08,bank draft,174.13
35970t,46253u,92689y,06977r,4/22/2020,7667.02,cheque,191.68
24494o,44595f,23147t,51918j,11/3/2020,6896.14,cash,172.40
04531q,17530x,87056f,91089p,4/14/2022,1610.92,cash,40.27
81402f,00023b,63665z,82204t,4/1/2020,4665.61,cheque,116.64
56316b,83100d,01205z,19217s,7/20/2022,9928.08,card,248.20
64492e,59946k,37372y,96107v,4/4/2022,9014.69,cash,225.37
53441u,20526n,83787z,68395t,9/20/2020,6266.76,card,156.67
00430l,06163f,87425a,02909r,5/9/2022,4339.9,bank draft,108.50
96521n,34878p,46216m,02844p,2/1/2022,9556.75,cash,238.92
04456c,43115s,15453y,19610x,9/24/2020,6679.98,card,167.00
27188l,18864i,84140r,34818j,2/19/2021,1058.81,bank draft,26.47
78433x,32693k,32835x,78913m,11/7/2021,9795.53,cheque,244.89
