settlement_id,seller_id,settlement_date,settlement_amount,settlement_type,total_sale_amount
40638b,07068v,8/2/2020,40483.32,card,9798.19
39202a,79429k,1/26/2020,399453.41,cheque,6676.6
94983y,02850y,9/29/2022,135239.76,bank draft,6966.62
68898s,27647i,12/31/2021,851094.43,card,9065.71
64342z,55030l,6/10/2022,992344.92,bank transfer,2980.0
38193g,64900j,6/19/2020,146311.7,cash,172.36
22002w,42300p,6/26/2021,464208.68,bank transfer,9058.29
13792k,20426q,3/13/2021,543750.1,bank draft,7425.97
04633o,58206w,4/11/2021,206178.92,bank transfer,1846.81
56701t,02143n,3/12/2021,32935.98,card,7006.02
85052o,70859x,1/18/2020,343176.07,bank draft,5880.35
53762u,85507w,12/29/2021,203167.99,bank draft,1257.71
70372f,36424b,11/19/2021,750245.2,cash,9168.21
90815j,98658q,10/23/2022,981780.06,card,1919.23
43628y,65985c,9/27/2021,91600.65,bank transfer,4957.28
95391f,03396r,8/26/2020,575932.94,card,3603.65
33201t,00939r,6/24/2022,640401.98,cash,7195.86
08293i,88269o,1/18/2022,382607.71,bank transfer,9321.22
07867a,90105j,4/20/2020,751389.2,bank draft,552.69
18681o,19822j,8/20/2020,168001.06,cheque,3942.0
87110p,04439x,11/13/2022,237623.48,bank draft,3416.46
29968x,29423t,8/6/2021,29643.29,bank transfer,1415.9
57864g,56841w,1/10/2021,403412.92,cheque,7042.86
44346x,79880g,3/3/2022,236746.9,cash,2222.91
21634o,18001h,12/20/2022,137246.98,bank transfer,617.58
48415i,37689g,4/15/2022,711102.36,bank transfer,3465.47
02743t,53789k,12/11/2021,214159.89,cash,3742.85
32463g,23398h,6/15/2021,756315.26,bank draft,6770.35
87637i,53370b,4/10/2020,194020.39,bank draft,8009.72
05012l,18411z,3/29/2020,545137.69,bank transfer,5941.86
72939l,12861q,3/11/2020,211468.52,card,6364.93
49435d,64666y,8/27/2021,519209.7,cash,5800.76
80296i,26423f,10/6/2020,751297.82,cash,44.91
39134c,26606v,11/7/2020,510170.85,cheque,7902.48
80037u,44266d,3/13/2022,143778.6,cheque,356.41
49925r,04683e,10/17/2021,226767.78,cash,8843.13
24505u,46706x,7/8/2021,699021.96,cheque,5712.05
97278q,89172p,8/6/2020,349489.19,cheque,2099.9
82743y,45892x,2/25/2022,522506.07,cheque,6830.25
08907j,13145a,1/28/2022,732121.17,card,7813.84
69661f,46535l,12/18/2021,637254.02,bank transfer,8850.89
40417w,61289l,2/2/2022,90167.95,bank transfer,8746.89
99840c,70343p,3/14/2021,449331.1,cash,775.34
06072p,06900s,6/8/2022,928563.36,bank transfer,7171.11
12106q,82582z,4/25/2022,658242.39,cheque,2194.15
97378v,80612j,4/5/2020,907720.65,cheque,4206.96
12243m,95402p,8/3/2021,9624.19,bank draft,5069.63
52547q,60094v,8/14/2021,307486.47,card,6626.83
71652n,17421g,6/5/2022,790285.54,bank transfer,2738.84
53058v,63219l,2/20/2022,370230.73,card,1991.15
90931c,54290v,10/7/2022,157202.69,bank draft,4585.69
92967t,04805b,4/5/2021,738335.72,cheque,6543.81
70089n,65810l,7/20/2021,322837.42,cheque,8856.93
98872h,79577w,11/11/2022,735207.82,cheque,9869.54
70055r,85049z,6/5/2021,497960.06,bank draft,4951.44
21986y,18865l,6/9/2022,478039.34,cash,2094.26
55988v,25128l,9/16/2022,172499.07,bank transfer,6759.24
13978y,75916y,12/5/2021,169871.8,card,2556.68
86678u,24769i,9/17/2022,545792.75,cheque,1929.5
04969b,91269k,3/7/2021,250606.16,bank draft,1359.21
45098u,64097m,4/8/2021,972870.83,cash,2422.38
35668y,59887q,7/3/2020,512087.8,cheque,5850.98
92535s,76012b,9/30/2022,15927.19,cash,9192.42
68718a,56651e,2/9/2021,316442.68,bank draft,2225.13
95321s,07643e,12/12/2020,593045.68,cash,1007.17
57307t,08289l,8/29/2022,44469.6,cheque,6350.87
34918d,93121f,11/25/2022,705054.39,card,6055.02
60195y,14529h,11/11/2020,813793.29,bank transfer,6252.95
59294y,88166s,7/2/2022,962985.19,cash,7218.34
25548m,08119t,10/8/2021,938250.02,bank draft,2246.35
94472l,17242k,4/5/2020,869772.55,bank draft,7439.62
78681i,15057e,8/13/2020,467201.22,cheque,9028.53
45695v,25817g,11/20/2021,864182.19,card,6105.17
06233v,77295o,3/7/2021,511010.82,cash,5253.78
09571g,64299e,10/1/2020,240687.17,bank transfer,3667.13
13188z,38021w,12/6/2022,19416.27,bank draft,3674.46
50822t,54769h,6/13/2021,228945.53,card,8309.7
06829m,13532s,3/29/2022,280415.58,cash,2557.93
38089z,92097a,9/7/2020,796756.03,cash,4177.3
40254f,20591s,12/3/2022,102903.15,cheque,8272.88
86670y,68126b,10/3/2022,962477.2,bank transfer,2854.22
35139h,04168a,4/30/2022,988230.54,cash,2458.24
67731k,44636w,6/23/2022,532114.37,bank transfer,461.67
79392v,09462p,7/15/2021,415554.96,bank draft,418.49
95420s,01352y,8/31/2021,534710.8,bank draft,4687.93
36734v,22071x,5/9/2021,651522.1,bank transfer,1724.98
02795p,47304m,9/25/2022,697596.97,bank draft,325.19
31494e,53740e,4/1/2021,633292.82,card,6117.79
56004h,85340s,3/14/2021,224642.72,bank transfer,94.83
44748e,47654b,1/6/2020,704380.05,card,404.65
47221y,38506l,10/14/2020,667480.34,cash,8093.07
95965d,91191d,6/30/2022,442860.89,cheque,8932.37
27199u,59084t,6/5/2021,727408.27,card,1866.94
99158h,87839o,8/16/2021,209781.87,bank draft,5729.25
39599q,79700d,10/5/2021,32133.22,bank draft,9732.6
35035b,76129s,7/8/2022,983933.23,cheque,6066.49
87545l,62652v,9/14/2021,168285.41,bank draft,1434.1
86763t,97173b,5/14/2020,390138.17,bank transfer,4750.22
56740w,27766l,5/13/2022,609679.32,bank draft,1833.96
99147m,73810t,4/11/2020,97754.32,bank transfer,6875.08
90755f,84844w,7/18/2021,211007.22,cash,2750.73
08932e,29082f,5/13/2022,707573.12,bank draft,2512.6
01985y,40735x,2/26/2022,762743.1,cash,8592.23
13620a,33391u,11/3/2021,526745.85,card,2518.36
69739a,82105e,12/22/2021,102308.78,bank draft,7995.94
88674j,99987d,4/20/2022,266718.72,bank draft,7480.85
73969b,34502w,11/6/2022,83623.84,bank transfer,5460.27
36817q,74231o,2/5/2021,48725.3,card,1385.53
71415t,83576k,7/4/2020,87788.92,cheque,1311.97
06968s,30506a,9/14/2020,496296.6,bank draft,5918.0
82021c,96636o,12/25/2022,935226.96,cheque,2146.49
10538j,20910o,12/27/2020,170350.42,card,7421.7
31339n,12606d,9/10/2022,984158.96,cash,5256.76
37836a,96595n,11/17/2020,147910.81,cash,7435.52
60362d,70243q,9/9/2022,926543.88,bank transfer,4300.06
72018o,45601z,2/28/2022,266169.56,card,6636.56
94691n,91061e,6/5/2020,459255.88,cash,2479.45
39492h,85235q,1/16/2021,576480.64,cash,2421.85
12896l,16099t,10/15/2021,647674.35,card,6834.57
26392c,00709s,12/9/2020,924197.93,cash,8253.94
74979b,00705b,8/7/2021,508744.12,cash,636.63
00506a,23822z,2/9/2022,425851.82,bank draft,3898.94
69544n,86733n,5/30/2020,991499.53,bank transfer,9490.54
04333p,65932m,11/5/2022,937984.3,bank transfer,431.2
95515q,05324i,12/2/2021,513386.5,cheque,7287.3
45767i,54043i,10/10/2022,755504.99,card,7740.42
22597a,73914m,2/10/2020,753132.87,bank transfer,1355.26
80481m,44396u,1/19/2021,943669.47,bank transfer,1708.06
03876p,06458z,5/11/2022,444628.14,card,3868.76
83882d,50553u,1/12/2022,856855.84,cheque,1918.57
21854u,06707p,2/23/2021,156793.98,card,4587.65
49060z,73541e,1/2/2022,827721.91,bank draft,8745.87
91492z,99950a,6/27/2021,924908.04,card,1863.73
91457k,63088g,12/3/2022,836028.4,bank draft,1140.96
94146a,81844y,10/2/2020,839078.97,card,8694.56
44439j,85275y,2/23/2021,465576.77,cash,7241.63
12074p,12256z,1/31/2021,742421.91,bank transfer,3302.99
79806i,90613a,11/7/2021,866009.87,cash,4051.68
15549f,33981o,9/26/2021,877284.44,cash,5601.1
08198h,10432f,10/30/2021,938028.3,cheque,7240.45
60990r,96376g,8/14/2020,811470.07,card,1531.06
90911g,06917f,9/15/2021,533495.51,cash,5780.11
29518n,90524z,6/10/2020,52850.65,bank transfer,2909.84
64078r,54235p,5/17/2021,987572.52,bank transfer,8482.64
62563v,62166y,11/24/2020,300033.26,cheque,6048.96
05367n,47055m,2/3/2022,620112.97,bank transfer,2846.23
98182s,30602e,9/27/2022,503869.09,bank draft,1051.57
10340f,57180t,4/14/2021,798020.2,cheque,5293.92
95529x,37150b,3/15/2022,786647.33,bank draft,3658.06
76666z,01221v,6/22/2021,900328.34,bank transfer,6872.95
91299e,90756n,3/29/2020,484315.55,bank draft,2484.09
29007n,70553p,2/24/2020,519811.75,cheque,6842.04
58117c,72506l,2/17/2020,839155.54,cheque,9155.5
95052i,42628u,10/2/2020,476644.96,bank transfer,2961.02
39822p,52933b,3/29/2020,291263.63,bank transfer,7118.31
47112a,35367s,6/8/2020,690099.07,cheque,8836.63
22221l,52138f,3/2/2020,225399.31,bank draft,540.95
46454z,37214i,1/2/2022,132296.93,bank draft,4355.69
37499n,19382f,11/16/2021,753681.84,card,3347.3
66140k,37239m,12/23/2022,430312.59,bank draft,7844.02
88594b,85665b,6/2/2020,938464.03,cheque,5058.35
62999j,41193r,12/14/2022,822084.3,cash,6620.52
50632r,37866x,3/13/2021,705059.07,card,6013.95
34321d,18119d,1/21/2022,396037.36,bank draft,6291.93
39880s,44516y,9/28/2020,855076.93,cheque,6094.58
49611g,43090w,1/9/2021,653205.46,card,2334.93
79004s,60976e,4/20/2022,982306.29,bank draft,4976.03
65326y,57520r,4/10/2021,880809.52,bank draft,2680.29
92103c,30894a,4/26/2022,359522.77,card,9560.93
63309t,20878z,6/23/2021,402677.8,cheque,2457.83
51216b,52197i,12/6/2021,41399.05,cash,9443.99
73255v,88786p,7/16/2022,219715.66,cheque,9684.86
92125y,47027e,4/3/2022,177959.5,cash,3622.68
81826z,22473a,1/20/2022,866467.67,bank draft,5978.71
56205t,00966s,8/23/2021,156174.89,bank transfer,9437.83
41114d,12910m,12/4/2022,789025.3,bank transfer,4278.53
46207c,01563q,10/5/2020,731923.53,card,8790.86
27310t,50689d,2/3/2022,49734.27,bank transfer,4727.54
23492p,62976d,5/30/2020,949068.68,card,2284.59
39073l,99278s,4/11/2022,555916.02,bank draft,1825.8
15927p,77719n,1/13/2020,684388.71,cash,1997.54
64586l,04856x,1/27/2020,505206.08,cash,4110.34
56876j,52869f,6/3/2020,819687.04,cheque,3595.34
88095x,04651i,11/4/2021,482590.75,card,2666.22
64220s,81181z,8/8/2022,876664.15,bank transfer,5536.33
79059p,59701k,3/18/2022,325600.44,cash,3095.87
39405i,61622d,3/11/2022,719250.99,bank transfer,6740.39
42371w,54877g,8/11/2022,320625.44,card,9903.97
67275d,35602x,6/10/2022,313594.72,cheque,5156.58
11599o,54146c,3/14/2022,501741.86,card,5686.81
95921r,43477d,9/6/2020,100420.1,cheque,3527.28
04297n,29628k,4/2/2021,931840.86,bank transfer,5325.49
16514p,89031o,3/26/2021,888388.02,bank transfer,2931.19
05901l,93663x,9/18/2022,728186.39,card,4375.82
62092x,76209t,5/4/2022,397238.16,card,7493.7
33060n,55192c,12/20/2022,764448.28,cash,6113.37
05774e,28821u,6/7/2020,880623.29,bank draft,4801.18
53989s,85225r,6/24/2021,284534.85,cash,8375.69
82423f,10939v,5/12/2022,2746.29,cheque,9489.43
39877g,79572y,12/14/2021,586622.73,bank draft,2819.63
48767z,46645o,6/4/2022,497453.8,card,992.57
59289w,73298i,12/22/2021,520557.61,bank transfer,2282.39
45379n,59911v,11/5/2020,85041.05,cash,5290.98
23159r,60830f,8/10/2020,905539.55,cheque,9002.83
89483j,17456l,11/20/2022,6013.01,bank draft,1829.08
76796u,76712e,10/2/2021,5548.84,bank draft,4757.56
30898g,94210o,1/29/2022,265854.86,cash,4124.25
06448w,27040j,6/9/2022,87002.9,cheque,524.22
02158o,22264b,6/9/2022,722667.53,cash,3692.06
39053f,37942y,7/13/2021,244245.41,cash,528.82
90964l,02603i,8/26/2022,419852.97,bank transfer,8306.47
56656x,56339s,4/19/2022,952739.47,cash,7733.22
20638v,95740x,8/21/2022,702730.33,cash,3417.6
48842s,63310a,8/21/2020,14466.25,bank transfer,4863.67
92061m,25199i,11/18/2020,917523.26,card,7365.18
40673w,52673b,1/1/2021,540154.7,bank draft,1296.49
27813c,76801e,3/20/2020,530284.84,card,8054.96
69046w,34432x,7/1/2020,514538.9,card,4078.5
02540j,60814b,6/6/2021,441295.12,cash,1214.62
74359i,70614b,11/14/2022,44223.37,bank draft,4868.23
39710y,81573s,12/17/2020,252442.27,bank draft,646.11
53535h,49049y,8/22/2020,426226.76,cheque,7838.12
64793u,72391u,1/23/2020,547909.64,bank draft,6382.67
89221b,63801h,4/15/2020,604088.88,bank draft,8872.85
60316c,60829b,2/21/2021,615467.86,bank transfer,4815.61
30690m,53708i,8/29/2020,729261.01,bank transfer,4665.99
41405q,15443g,2/13/2020,399033.76,cheque,5658.36
86325m,54019l,1/8/2020,741103.17,cheque,3245.77
81002t,57506g,5/9/2022,228222.99,cheque,2259.89
69613a,18577v,10/11/2022,427193.2,cash,1048.56
73378t,11117i,5/25/2022,783336.64,bank draft,7654.23
76820q,20735n,7/23/2020,88326.26,card,1337.2
50536h,62249w,1/12/2020,133253.89,bank draft,6537.89
42476o,38182j,11/6/2022,586522.27,card,5652.65
59881a,71091z,8/13/2020,30359.5,bank draft,2280.64
47501p,37176i,3/14/2022,364056.36,cash,8715.11
17098s,76795e,2/4/2020,536348.71,cheque,1910.95
61231m,96767y,10/29/2020,351113.87,bank transfer,6148.81
93836y,45806t,3/18/2020,372019.58,card,1438.44
85095i,60678h,3/18/2021,599172.71,card,6776.14
64817s,40378v,10/13/2022,261552.28,bank draft,9726.45
76410x,99261j,6/16/2020,154568.81,card,7790.26
13282s,49326f,7/29/2022,266876.26,bank draft,2427.84
91951a,38907m,7/9/2022,172356.6,cheque,4734.36
35146g,46510d,4/12/2021,960305.64,bank transfer,891.54
96638y,59237p,2/2/2021,83144.65,bank draft,6489.78
90309y,64764r,5/23/2020,45595.87,cash,5581.62
55047e,58270c,11/12/2020,544871.6,cash,597.05
33798m,72783z,12/29/2022,244962.87,card,466.23
85011l,88958c,8/31/2020,366486.31,bank transfer,1500.53
87640x,13241k,5/27/2020,334504.46,bank draft,6525.98
12335a,09621h,12/6/2021,46361.48,cash,3184.2
61622v,68846o,4/9/2021,629974.38,cheque,1694.65
25327b,85327b,4/16/2021,769113.9,bank draft,5474.29
51226b,01540a,9/9/2022,853737.75,bank draft,2890.43
20389n,32701q,2/27/2021,492092.52,bank draft,6576.86
77520m,53762x,12/13/2022,922987.27,bank transfer,1963.73
66689i,94076z,10/5/2021,160343.85,card,9858.72
92124q,02527i,11/28/2020,40088.95,bank draft,4620.73
10755o,31393j,6/12/2022,940480.48,cheque,7886.03
88191m,60830c,11/12/2021,421983.8,bank draft,7531.32
26008l,05628t,2/29/2020,210336.61,bank draft,8490.74
75787u,88164a,6/22/2020,554172.17,card,6434.11
49694v,70619k,2/7/2021,159757.46,bank transfer,7434.94
94732r,14013y,11/15/2021,86157.31,card,740.71
02493h,44572u,12/25/2022,100522.55,card,669.35
44711j,83850y,6/29/2021,805379.62,bank transfer,2537.24
03502j,50626d,4/15/2022,30917.77,bank draft,5609.73
62129o,79887v,3/12/2022,842897.77,cash,4378.54
90529p,02247i,7/21/2021,323238.37,bank draft,205.02
27711m,03372o,4/11/2022,768574.86,card,2718.0
44316l,94485t,7/20/2022,644662.98,cheque,2038.56
97063e,13728v,4/2/2022,464471.84,card,8463.06
81661j,74943z,12/2/2022,331332.17,bank transfer,2224.23
26215m,84118m,8/7/2021,925158.05,cash,3261.88
24705q,85920y,7/28/2020,358117.05,cheque,4024.65
72658z,14059x,1/16/2021,785517.31,card,6432.89
51090h,02593b,3/11/2020,581694.31,bank transfer,1149.09
58712x,16510z,6/10/2020,728818.65,card,994.92
84202r,68998q,11/20/2020,375830.88,bank draft,964.38
19943o,66418f,1/20/2021,327031.68,cheque,6580.83
51193w,00183g,3/10/2022,600091.07,bank draft,2067.76
22806m,90575v,8/5/2022,663699.17,cheque,4769.52
92075u,91588z,2/28/2022,292305.1,cash,189.64
46551b,46731m,8/9/2022,965367.98,bank draft,2228.03
09456c,50142g,8/16/2020,308792.03,bank draft,5791.5
66930i,00293g,8/19/2020,846228.98,bank draft,1211.72
12962u,86128e,10/22/2021,76679.64,card,6102.82
53097h,71469f,2/23/2022,220186.06,card,2322.35
44992g,48853l,6/9/2020,662828.31,bank transfer,5444.4
82037y,05220x,5/12/2020,45596.69,bank transfer,6196.7
38524h,18652b,5/4/2021,734436.49,bank transfer,8658.45
89116a,12706i,1/19/2022,926469.52,cheque,8323.92
68898w,35823s,1/4/2022,778954.9,card,7522.91
95641e,44086q,10/4/2022,291666.09,card,398.71
11856j,44455b,12/7/2022,718430.55,bank draft,6514.33
72035b,19549r,2/6/2022,338062.84,cash,6444.59
30994r,11315w,11/3/2022,168634.71,bank transfer,1265.28
47653m,83884f,12/15/2021,529456.94,cash,7986.24
68416g,19679x,12/6/2021,959583.67,bank transfer,2981.54
30355j,20044o,7/18/2021,307668.7,cash,3831.99
66624v,32523m,9/7/2020,277393.26,card,3331.6
73366o,97227q,11/17/2021,752311.47,bank draft,702.36
04266y,22728y,5/24/2021,855365.78,cash,4553.76
84229m,17087i,5/19/2021,206191.99,bank draft,1459.07
27816w,79816v,10/10/2020,716640.39,card,2120.1
75146k,26449t,11/22/2021,486038.26,bank draft,2358.1
29085j,49020k,8/10/2021,958862.15,card,9388.69
90917t,29369s,1/29/2022,529393.82,cash,9223.27
64176u,33070z,6/11/2020,438077.42,bank draft,4576.32
28816m,35960e,2/18/2021,645501.81,cash,8999.74
21039a,45894z,9/14/2020,165089.46,cheque,5891.19
27097l,40904m,8/23/2020,280553.31,bank draft,4829.4
38325u,91430v,9/28/2020,153403.92,cash,4129.54
67769f,67083h,1/8/2020,141305.39,card,1527.84
51538h,29777l,11/13/2020,778005.44,card,1986.64
44006h,85018z,10/27/2021,398008.08,cheque,3690.42
43479n,10596b,6/2/2022,176058.7,bank transfer,1047.22
05770y,65948m,10/17/2020,424810.4,bank draft,9257.47
42012d,69352o,3/19/2021,868878.0,bank transfer,3363.76
61020f,00518l,7/22/2020,174327.81,cash,3181.21
26041j,23700z,3/17/2022,471570.33,cheque,9702.54
96080v,81219c,8/28/2020,105302.56,bank transfer,7418.2
37608l,92190q,7/10/2021,403041.37,cash,4366.85
02713n,23990i,3/18/2020,25366.44,cash,6567.1
81291k,54165e,1/21/2020,545279.13,bank draft,4653.99
54410g,17814s,3/15/2020,992334.24,bank transfer,7825.83
85352m,05530k,6/23/2022,358123.24,cash,4190.13
99407p,29749v,9/10/2021,381296.62,bank draft,634.79
15481g,28637d,5/23/2020,955841.04,cash,8875.31
67344u,23981y,11/4/2022,948299.42,bank transfer,2442.46
99877h,79723f,3/23/2022,495246.61,cash,6537.85
13243z,84161v,8/3/2020,563584.09,cheque,7760.39
26310x,26581a,7/23/2021,256207.05,cheque,312.15
72381t,00872a,1/26/2022,496825.55,bank draft,6759.44
86321c,64264n,9/30/2022,274783.82,card,2337.28
57506s,06314p,6/29/2020,378034.37,cash,1169.9
71050w,94988z,5/16/2020,126364.38,cheque,8225.63
65964p,85730v,10/15/2021,200461.08,card,8729.06
98274a,61095x,8/22/2022,506006.42,cash,1461.49
08674o,61658y,12/26/2021,664633.79,cheque,6498.59
78952d,08397i,5/14/2021,66064.83,bank draft,5973.99
13600t,13973e,2/21/2021,291733.1,cash,3685.31
35470w,15990e,3/1/2021,417872.65,cheque,5577.23
38088w,68885r,5/29/2022,24029.43,cash,7368.56
63544i,06011l,10/16/2022,306252.15,cash,3008.69
32496l,62405g,9/5/2022,366538.6,cheque,476.46
04480j,04616g,12/25/2021,766686.26,cash,4862.43
58374v,94348e,4/30/2022,1209.41,bank transfer,6070.43
15334m,41857d,6/14/2021,796072.53,cash,408.7
80225z,39643w,3/9/2020,732040.32,bank draft,14.78
72711j,96031v,2/10/2021,567048.21,cash,2009.59
02139v,54336e,3/23/2022,54162.4,cheque,1729.51
26638a,47406p,2/21/2022,923360.86,cash,9688.22
32345u,99769s,3/27/2020,464872.36,cash,8472.77
05796g,82092t,5/18/2020,591281.6,cheque,3105.38
28163q,59045f,6/24/2022,84010.84,card,8476.72
31565w,20572e,4/29/2022,318627.54,cash,4296.46
69354w,55858t,9/25/2022,463938.3,card,3683.67
95972g,72085y,12/6/2020,737315.74,cheque,9757.56
21387p,29090j,12/15/2020,640631.36,cheque,520.67
25913u,67774c,9/5/2022,536651.54,cash,2662.55
69156e,14691v,4/19/2020,795331.2,bank transfer,2936.29
73908h,82374b,12/3/2020,917598.02,cash,856.17
39012y,52009e,7/11/2021,111840.22,bank draft,9061.51
14751e,89414d,4/30/2022,765195.01,bank draft,1952.77
87495u,10359y,2/25/2021,531538.52,cheque,1751.69
13385k,69044m,11/23/2022,879960.09,cash,3810.97
48415p,65837c,4/11/2020,54792.67,bank transfer,8345.54
22180r,99582o,10/16/2022,164983.38,card,6146.7
73964m,72060n,6/17/2020,39032.1,bank transfer,4689.81
80449u,61639p,4/14/2021,884723.4,cheque,5163.24
01671i,75609b,11/8/2022,868160.91,cheque,2051.26
53490d,79085t,2/25/2020,225004.16,cash,249.06
73972h,68585x,9/22/2021,662600.45,card,6315.31
76417n,55980s,12/3/2022,973063.97,cheque,4146.02
20694u,10158m,6/19/2021,653544.14,bank draft,5873.16
37097v,49587d,5/18/2021,225510.2,bank draft,8458.36
14169n,40906d,6/21/2021,75580.57,cheque,181.03
78271q,76438w,6/27/2021,662276.39,card,1141.72
27477l,10614s,7/28/2022,213911.35,bank transfer,9229.94
49018w,70357d,7/19/2021,291916.72,card,2930.56
60987q,22806w,4/20/2021,840336.1,bank transfer,5383.37
64998n,01322f,1/23/2021,781624.38,bank draft,2102.73
76997z,63659s,9/23/2021,681394.69,bank draft,2999.13
41451y,65745y,2/3/2022,824899.18,cheque,2947.42
77079c,35929s,9/20/2022,40177.45,cheque,7245.04
94884x,09714t,9/14/2022,699578.26,cheque,375.98
99642l,08577a,4/2/2020,342025.4,cash,6570.46
25569y,90054s,11/9/2022,687438.69,cash,611.85
94438m,43875y,4/20/2021,187469.54,card,9565.13
14835f,18674j,7/29/2021,376262.89,bank transfer,6724.6
55362l,02903o,8/13/2022,518160.16,card,7570.61
14944a,08466l,6/5/2021,541743.3,cheque,3396.38
24223q,93991o,11/26/2020,25603.54,cash,4767.59
82414m,09606m,8/22/2021,818915.31,card,8875.69
28744j,14561m,1/29/2021,361583.88,bank transfer,4427.31
16529v,26605k,9/23/2020,966966.61,bank transfer,1721.1
24592r,44417t,8/17/2021,58736.79,cheque,2269.16
55711e,56880x,2/1/2020,35011.4,card,7616.64
34002p,48841u,6/26/2022,791401.79,bank draft,9492.49
51902o,32761o,12/11/2022,118660.77,bank transfer,4959.97
33752q,66471m,1/28/2021,413223.33,cheque,874.09
15457d,77583o,5/26/2022,848141.78,cash,3706.5
03296e,85795b,12/10/2020,711650.3,cash,1951.51
61295c,16267y,8/19/2022,632092.57,bank draft,2420.08
44558f,40484r,8/15/2020,159022.28,card,4798.7
48184g,95589w,11/30/2022,694377.21,card,8072.67
15673x,96065y,11/10/2020,514574.31,card,7039.64
40030e,43340p,3/6/2021,975066.67,cash,5792.83
49448w,96609o,6/18/2020,834215.78,cash,1243.11
97726k,86901q,2/1/2022,971330.27,cash,6530.1
62709s,99878v,4/18/2022,374284.28,bank draft,6309.98
56708j,90443x,3/15/2021,358785.03,cheque,7767.5
24043i,75483g,3/15/2020,176695.45,bank draft,5035.42
22412p,27858a,9/24/2020,201618.19,cash,8764.07
56696i,86355w,2/18/2022,403906.4,card,2411.91
97137u,18413k,3/8/2022,157831.91,cash,3501.89
60718k,59773x,1/19/2020,874450.09,cash,8593.04
78348o,53020j,7/26/2021,599788.66,cash,6192.71
73940y,77197b,2/18/2021,95382.55,bank draft,3261.13
68632y,70982i,5/16/2021,865677.24,bank draft,4346.33
99119v,60904h,9/9/2020,446931.77,bank transfer,7259.27
13267e,29477n,7/7/2022,104743.17,card,3072.22
86185g,76035g,5/2/2021,278140.51,cheque,5893.35
28349r,90011g,4/9/2022,765987.06,bank transfer,2900.24
87479w,58842k,7/31/2021,226212.66,bank transfer,5393.94
42444f,62324e,4/29/2021,906161.83,card,1733.6
76082y,41761v,2/6/2021,377334.61,bank draft,4926.43
10142l,88861j,3/9/2021,665072.31,bank draft,4061.34
66114s,19907k,10/7/2021,806356.43,bank draft,6172.62
26936u,82003l,5/22/2020,886088.99,cheque,6495.74
86058o,26954w,5/5/2020,974490.75,cheque,334.19
03289z,01096b,5/3/2022,346014.95,cash,3555.97
59642d,15355v,4/28/2022,113343.02,card,2293.85
92646d,95670m,10/2/2021,226274.09,bank transfer,7013.55
83592h,89971b,8/27/2022,261735.15,cheque,3479.19
34468e,72329f,1/26/2022,933339.56,cash,8200.78
77223g,71258i,6/3/2022,137198.63,cheque,8380.42
28220w,17995t,12/7/2021,747737.72,cheque,5785.24
51908u,33719y,4/6/2022,800495.97,cash,2981.86
54348x,01400n,1/14/2022,375957.31,card,2557.46
16117y,16646m,12/1/2020,854837.68,bank transfer,3193.89
27303q,16400u,6/4/2022,754854.96,bank transfer,4581.28
31958y,48852g,6/22/2022,599089.99,cheque,7710.28
34645o,60574x,6/3/2020,326080.5,cheque,899.54
02382b,52989z,2/28/2022,838996.47,bank draft,8713.1
91033r,83901v,7/25/2022,651377.0,cheque,4276.71
80199e,27470j,6/10/2020,56924.7,bank transfer,4806.62
39696l,73347o,7/6/2022,239673.64,cheque,3517.4
59176s,01255l,9/30/2021,900959.41,bank draft,3251.78
28225p,04008i,12/22/2020,387169.06,bank transfer,8229.87
51133l,77120o,2/2/2022,683013.81,card,8638.51
16172w,60524f,3/15/2022,936101.29,card,1747.49
30265u,83522k,7/19/2020,326280.48,cash,4404.87
50903a,67830u,11/27/2020,296424.8,card,9510.95
42783k,11983w,10/21/2020,593874.16,cheque,8749.45
67689o,45901y,1/13/2020,226228.82,cheque,3181.12
91649d,34949u,12/6/2022,110193.98,cheque,4851.21
55115w,86990s,1/18/2020,349353.28,bank draft,9305.55
27466s,37464o,5/13/2021,509537.2,cash,7687.2
89019j,36801t,5/11/2022,897437.12,cheque,8398.08
76135i,37496i,1/10/2022,837710.28,bank draft,8492.75
77012p,99762q,7/5/2021,50394.48,bank draft,4332.63
59873b,33074j,6/2/2022,406332.54,cheque,1963.76
71069o,55959n,5/30/2020,986783.33,bank transfer,2935.77
49568u,22035p,6/19/2022,196706.45,bank transfer,9921.03
24190i,07856s,2/8/2020,979446.05,bank transfer,7758.23
30642k,57602b,7/29/2021,947902.14,cash,8424.39
30800z,57081t,11/16/2022,600732.27,bank draft,2667.12
31828q,57216z,6/28/2021,697078.84,bank transfer,8147.41
53811n,17340g,10/25/2020,237571.46,cash,7791.04
90083s,15009n,8/29/2020,935417.16,cash,4649.22
04747n,42228o,2/8/2020,246035.07,cheque,862.01
86202l,95690f,3/16/2020,924333.87,bank draft,8161.32
64471a,62410q,3/27/2020,842441.89,cash,3954.15
75540j,94894i,7/5/2021,77410.97,card,3375.43
90047q,39627e,12/1/2022,810055.69,bank transfer,2490.74
02921z,81050i,8/28/2022,20152.38,card,5183.47
12380p,51963b,1/16/2021,645007.27,bank draft,6211.88
79559a,26802t,5/14/2021,823192.4,bank draft,8039.92
43820g,98424y,7/13/2020,160714.63,bank transfer,4913.68
02947p,05146r,7/4/2021,457648.7,bank transfer,9097.26
71473x,18873k,11/16/2022,806957.76,bank transfer,6426.82
46824z,75438k,9/11/2020,923486.58,cash,2429.73
02636q,40933j,1/4/2021,912861.72,cheque,8712.09
50579s,26865f,6/25/2021,240018.85,card,6396.79
53201y,72208t,12/16/2020,802887.61,bank draft,2934.16
35040s,55242n,7/3/2021,821939.89,cash,4844.86
14677h,80223q,1/12/2020,821461.15,cash,4120.76
28213x,17243q,5/12/2021,662151.88,bank draft,3305.34
69809f,86575o,5/28/2021,803680.59,bank transfer,5844.49
14069y,43117t,4/19/2020,948013.26,card,6356.83
21569q,52969n,1/13/2021,271716.21,cash,9476.47
63876r,96846v,12/5/2020,792735.27,cash,7563.73
11691m,93586g,1/24/2021,906905.77,cheque,7898.17
19371e,17013h,8/16/2022,626177.63,bank transfer,2941.81
00922f,91498i,4/26/2022,588886.51,bank draft,4168.16
34718t,81975n,12/12/2021,616082.75,cash,3380.18
04583q,58063i,2/20/2022,98549.01,bank transfer,4213.93
15156r,25209l,12/10/2022,671802.19,bank draft,8299.83
68460o,77898u,8/2/2020,511331.26,cash,7206.77
23037h,56515d,12/23/2021,77804.24,bank transfer,5158.63
34829i,87491j,9/12/2021,590657.79,bank draft,3627.09
76850m,61220q,2/13/2022,67379.66,cheque,1199.11
37546z,01838a,12/24/2022,857307.12,cheque,8085.41
64039b,81495j,9/22/2021,790636.66,card,3795.74
86053f,65653d,7/23/2022,828550.73,cash,1368.35
40793o,00357f,6/21/2021,125168.59,card,4849.23
58809u,33765b,12/10/2020,120056.06,bank transfer,1847.56
88005l,64365q,2/4/2020,56142.0,cheque,7624.42
35464t,75352r,4/12/2022,717639.64,bank draft,8426.86
08142t,76376z,5/1/2020,883426.65,cheque,9657.76
12106j,99008x,2/8/2020,768498.24,bank transfer,5392.84
53348h,11517k,1/24/2021,945544.88,bank transfer,6756.92
95268w,47065e,1/12/2021,442648.75,cash,5751.78
56797h,49533m,12/10/2022,768416.71,card,4930.82
22796e,59335u,10/10/2020,544971.78,bank draft,5245.45
07371u,20770r,7/2/2021,306468.27,cheque,3687.84
27221g,43912h,12/20/2020,450279.72,cheque,5855.02
18442l,65695c,2/23/2021,777951.21,cheque,4315.84
04222i,99570l,10/16/2022,487534.32,card,8814.9
18437b,71005x,1/11/2021,609818.98,cash,6527.43
69749e,70101l,3/21/2020,530157.84,bank transfer,1456.92
61726x,96577z,3/3/2021,861750.04,bank draft,3056.81
74089v,29403w,5/19/2020,353712.63,bank draft,9786.46
39234u,88089m,1/31/2022,967522.95,cash,6652.26
08798m,82366g,1/11/2022,887563.71,cheque,4504.03
62948s,44403d,4/9/2020,926123.35,cash,1086.15
51620v,97664h,7/20/2020,167520.21,bank draft,2784.71
33420z,75847s,10/22/2020,899348.03,cheque,596.07
04313c,40909v,8/7/2022,548989.02,cash,1334.38
46848r,32143z,4/25/2020,54287.34,bank transfer,2370.17
43014f,37330j,5/23/2022,459429.4,card,1915.68
31782f,12940a,9/8/2022,297821.53,cheque,7157.1
31186z,27995h,9/2/2020,384894.76,cash,1192.04
89204k,76456w,7/9/2022,701850.77,bank transfer,8266.93
14675g,92565c,9/26/2022,141814.57,card,6965.78
79833i,26301p,10/3/2022,430867.71,bank transfer,2111.37
50944o,03046g,11/14/2022,756985.96,bank transfer,2227.71
34266l,85858c,9/4/2020,531274.46,bank draft,6308.51
62076b,71080j,12/25/2020,421038.83,bank draft,5313.43
76272q,71511a,6/12/2021,402616.98,card,1077.85
03514y,08464e,12/8/2021,486679.31,bank transfer,1988.09
52128x,61063t,5/10/2022,146485.15,cheque,1908.74
21744k,73383q,8/2/2021,10990.3,cheque,9663.09
80674b,24931g,2/16/2021,245748.28,card,4406.94
49762k,43966a,9/28/2022,939158.31,card,5760.42
93033z,78089y,5/9/2022,17839.78,cash,3448.33
67444y,74396p,7/30/2021,233169.45,cheque,1390.12
05788g,70732e,1/25/2020,93470.73,card,2444.53
06002q,13346v,8/10/2022,216260.48,cash,9848.1
59647k,89467y,8/21/2021,734002.92,cash,5266.32
42314h,32417b,2/25/2020,565912.32,card,4085.94
03058y,14640f,9/23/2021,844786.76,card,191.37
35565n,92057a,3/28/2022,488427.33,cash,6304.16
79595x,07816m,7/28/2020,583191.55,cheque,8603.64
21579h,00416d,5/21/2021,506324.06,cheque,5665.18
31181g,00015g,3/2/2021,215370.87,bank transfer,122.11
96023q,61969h,5/17/2021,28648.64,card,3419.57
57478g,97591w,7/4/2022,274106.34,cash,3393.82
88170g,29432f,7/21/2020,110611.32,bank transfer,7834.67
94879i,92565w,11/2/2022,265983.85,cash,3989.94
41388c,54520f,6/21/2020,769236.84,cash,308.08
88836u,70574s,7/14/2022,212391.66,cash,7283.61
12937o,11520v,5/29/2022,269637.35,card,7802.65
08940d,64321d,9/15/2021,212748.83,card,6197.83
93036f,78868g,8/17/2020,687899.21,cheque,4251.67
82281y,90198s,7/10/2020,532879.44,card,1072.43
92533t,68712k,2/5/2020,628162.98,bank draft,7961.1
03270t,79177x,12/10/2022,284756.11,cash,8319.8
36051q,65193v,5/14/2022,405751.17,bank transfer,3436.58
99197i,54484x,5/29/2021,982685.18,card,6555.26
34514g,49997e,12/29/2021,652198.63,card,6783.48
02439d,41165c,3/10/2021,816641.37,cheque,4608.39
26445u,35054m,4/25/2020,34076.55,bank transfer,4721.46
87115s,42916d,10/11/2022,34157.43,bank draft,370.82
30969r,34332k,12/10/2022,743762.84,cheque,855.28
48474e,10099l,12/14/2022,275557.82,bank transfer,8313.67
15416g,93159k,4/24/2020,832559.1,cash,7570.48
22190o,68808e,1/8/2021,94781.83,bank draft,2503.16
99078d,43823x,3/23/2021,94027.35,cash,2894.11
73822y,52738k,11/16/2021,202240.89,card,4654.44
13913n,22997l,1/7/2021,235804.28,bank draft,6262.44
56566f,15229m,3/3/2020,696994.55,bank transfer,864.23
40007o,53861b,9/16/2021,2076.21,cheque,8599.92
56078y,16904s,7/23/2020,203332.77,card,8372.52
94244o,92593c,9/21/2021,188386.27,cheque,3982.3
05392i,46974v,8/1/2021,629511.72,bank draft,3837.17
18579b,45414r,12/18/2021,313692.46,bank transfer,1041.03
06083w,97241w,3/26/2022,995081.27,bank transfer,8336.55
21294z,40261j,5/23/2022,190254.87,cash,3515.53
85082a,69747i,11/2/2022,214728.02,bank transfer,9235.64
62474o,79842m,6/21/2022,161795.8,cheque,8669.14
17125k,83798n,12/31/2020,153369.23,bank draft,6894.22
06622r,48049s,9/5/2020,123922.64,bank transfer,5032.42
61797n,53353h,2/10/2022,111479.64,card,2403.34
75306o,56599d,7/25/2020,387195.01,cheque,6012.32
61522a,70398x,7/21/2021,317783.03,bank transfer,2791.39
21482f,04797f,4/2/2020,140207.57,cheque,5592.57
43548x,64120h,9/30/2022,756985.2,card,2557.57
67027i,39950x,10/20/2021,833938.01,cheque,6514.25
69673t,22235i,9/13/2022,303506.2,card,7503.65
84667h,11433i,12/10/2022,735496.23,cash,8353.89
95336u,06463t,4/20/2020,930320.35,bank draft,5041.48
08089l,03575m,7/14/2021,446685.37,cheque,4537.77
33134w,35616t,5/9/2021,462708.84,cash,4949.4
92867y,42437b,12/11/2021,162266.81,card,7865.1
85599r,84511k,2/11/2022,294699.69,bank draft,836.61
01612t,32360r,7/19/2020,47422.48,card,5096.71
19051y,61367z,10/18/2021,602535.87,cheque,4547.43
98772m,69364w,10/31/2022,3946.01,bank draft,6210.42
11041v,45513u,11/1/2022,884723.34,bank draft,9191.43
60818v,61108y,12/4/2022,877512.15,cheque,5335.38
79488d,07890n,9/28/2021,764197.38,bank draft,8115.14
81038k,53271x,3/9/2022,482214.24,cash,7716.7
55898k,79278j,7/12/2021,470423.52,cheque,9343.12
78827q,94179w,1/21/2022,713289.24,cheque,7082.77
05271w,52191e,3/8/2020,429005.59,cash,6692.63
28478r,58142q,6/23/2020,39006.94,cheque,8576.73
95331a,77597x,7/7/2022,58671.97,cheque,2967.87
94424h,97151n,10/10/2022,4346.29,cash,1728.61
71510d,70594q,8/31/2022,901339.81,cash,9160.74
33823r,58986p,12/1/2020,465758.71,cheque,8307.81
32075t,95675e,3/29/2022,852049.95,cheque,9348.51
03543t,29423z,7/8/2022,860144.19,cash,8471.39
26145d,41403a,6/16/2020,712384.77,card,6932.87
84512y,65017b,7/6/2021,803770.02,card,9181.83
67038h,53134d,10/15/2022,650895.45,bank draft,789.23
71959g,80680n,5/24/2022,846584.39,bank transfer,1406.84
40824m,54623w,7/7/2022,44778.52,bank draft,207.99
11984t,95391z,6/17/2020,493263.57,bank transfer,7252.51
86311z,08394a,10/28/2022,845280.23,bank draft,9403.92
40911u,54064m,7/11/2020,622391.94,bank transfer,6755.03
30306a,39961t,9/5/2021,591700.05,cheque,1974.29
13129z,40538o,12/5/2021,969780.3,cheque,5812.75
14245d,99645z,2/29/2020,872938.1,bank transfer,5160.84
56269j,05221l,10/29/2022,882415.36,card,2717.69
17808b,14205w,6/23/2020,84001.72,card,472.11
16611s,71920q,5/9/2022,185167.42,bank draft,8036.34
27545y,14993c,12/8/2021,445424.44,bank draft,7099.83
52975n,13475k,11/24/2020,42339.94,cheque,5740.6
69033x,36859r,10/4/2022,651800.27,cheque,4401.05
83842y,02378j,5/15/2022,547932.75,bank transfer,4578.85
03547e,72862q,10/12/2022,866682.64,bank transfer,7988.75
92285i,97049v,4/22/2022,833623.04,cheque,2172.96
65794h,41604m,7/22/2020,214276.36,bank transfer,5069.48
96516a,27155p,8/19/2020,12340.01,cheque,6841.08
70462z,56835e,7/24/2021,217047.0,bank transfer,4963.5
25796x,91961h,8/11/2020,806306.28,card,7594.01
47655v,76681u,12/18/2021,12995.93,cheque,2348.85
96690p,79015z,6/6/2022,289729.53,cheque,4113.98
44325h,68792p,4/3/2022,17803.73,cheque,3550.51
41695q,61716e,10/2/2022,353646.78,card,2317.19
50340y,64474a,6/1/2021,153829.53,cash,500.41
53934e,78680r,1/7/2020,985960.93,cheque,6961.57
77468v,59443p,3/15/2021,294633.75,bank transfer,7382.98
11911d,42718v,5/5/2021,48250.29,cash,3099.08
38294a,11299z,7/19/2022,626824.9,card,2721.59
38670f,19771h,12/12/2021,173888.59,cheque,836.76
51478i,24731m,7/21/2020,22778.01,bank draft,9807.06
94265v,45915n,12/7/2022,229131.35,bank draft,9323.0
16228q,51896g,10/25/2022,497690.5,card,7328.21
07053z,36608n,12/14/2021,480972.47,card,1167.09
96578o,20412m,9/1/2020,650169.51,bank draft,7880.74
76218u,42547n,4/13/2021,289320.95,bank transfer,608.46
49256s,09286o,2/7/2022,223278.06,cash,1711.31
58668y,07847t,2/2/2020,301251.98,cheque,7839.67
65686y,90075p,5/23/2021,421241.72,card,9633.79
04562a,98867g,4/2/2021,698850.54,cheque,6497.61
59830t,74346g,7/11/2021,810800.59,cheque,432.22
76536k,62731k,10/5/2022,952546.17,cash,8749.57
20926m,07468u,7/8/2021,946366.56,cash,8298.37
60227k,05346m,8/29/2022,453309.24,bank draft,6797.1
51540i,47222q,1/28/2021,920421.24,cash,8383.16
77622d,41768d,8/7/2022,906865.53,cash,4995.6
33720f,84666o,4/4/2020,674952.1,bank draft,3525.57
96212h,54869l,9/24/2022,149029.34,cheque,1110.66
54208a,26945m,9/19/2020,361685.18,card,1299.43
22845i,33254a,12/21/2022,87270.39,bank transfer,5869.39
56798r,60553z,8/4/2020,209927.84,bank draft,925.74
80807f,74421p,10/5/2020,842069.66,cash,7370.81
11051h,25427a,12/26/2021,648624.6,bank transfer,8803.52
68481s,28532u,3/29/2022,379641.98,bank transfer,7378.12
06902x,31614a,9/20/2020,570039.67,bank transfer,7878.13
64559k,27270u,11/16/2022,913368.95,bank transfer,8478.41
17126s,51148n,11/21/2022,740120.7,card,4011.83
32080p,62919n,4/21/2022,647119.58,card,5620.57
61619l,06552q,11/3/2020,388283.55,bank draft,2141.91
24396v,00271a,6/14/2020,233006.84,cash,7516.08
01245d,69033i,6/25/2022,136232.59,bank transfer,2441.18
07345u,13342j,1/25/2020,54510.88,cash,9579.5
13371r,73268y,10/6/2020,992010.79,cheque,3866.85
83904u,37590a,1/2/2020,687812.56,bank draft,8947.85
08952n,36523m,10/21/2021,18960.96,bank draft,3470.55
72261r,90578q,6/5/2020,349655.21,card,7245.91
01135v,72808t,7/23/2022,447740.3,cheque,2767.88
69031r,94075u,9/25/2022,100402.51,cheque,6938.98
18122k,38154w,5/25/2020,313938.29,cash,4866.32
03028k,11397j,10/1/2022,525869.64,bank transfer,996.25
56572m,28343k,5/31/2022,654527.54,cheque,5449.93
55943g,68012y,11/16/2021,461246.31,cheque,1499.72
13121g,94619b,10/23/2022,195892.75,card,4719.09
44827c,92423s,12/19/2020,591803.8,cheque,2169.15
39441p,52788i,9/8/2021,317968.81,cash,3464.32
36252g,09048a,1/7/2021,651753.35,cheque,4754.46
42986n,96761s,8/11/2020,379630.19,card,6761.11
07430g,63827v,7/14/2020,170197.23,cheque,386.83
18742h,72313s,6/2/2022,70073.93,cheque,8034.3
54508k,53115q,10/13/2022,232735.58,bank transfer,6424.29
06407y,49592f,7/2/2022,657301.54,card,9381.16
37565t,24848r,10/11/2022,322457.84,card,2397.49
26190z,92940q,5/7/2022,527712.94,card,9621.67
64865e,56717c,6/28/2020,326357.77,bank transfer,7882.51
12666d,88158e,2/21/2022,716408.17,cash,7175.23
90936x,99641b,3/24/2022,107503.15,cash,600.48
65306a,29194t,6/9/2020,474146.06,bank transfer,6862.16
74282d,93715q,11/11/2020,952410.67,bank transfer,6527.41
02390t,65007j,12/19/2021,306956.12,card,6668.42
37701c,22041g,11/21/2020,635303.34,cheque,2714.49
12369v,48409d,12/13/2020,267140.64,bank transfer,7217.14
71866o,34399n,12/30/2020,677168.97,bank transfer,4826.68
30379o,51917t,5/25/2022,92497.37,bank transfer,1942.75
66363s,28197c,6/13/2020,889724.89,card,6667.53
98855b,03241g,7/1/2022,483420.71,bank transfer,282.22
43119j,27535x,6/8/2022,683894.3,card,7482.17
52115r,25403v,9/2/2021,86864.97,bank draft,4398.83
71660p,84048z,9/1/2021,203956.15,card,9865.02
49694s,76250m,1/7/2020,12884.91,card,446.38
13771l,43221r,3/20/2022,653216.51,card,9984.33
84148d,82367t,6/11/2022,178395.03,card,1058.34
89252a,76562h,2/6/2022,773514.99,card,6818.06
77517i,85316u,5/7/2020,20484.78,bank draft,1241.61
09508a,51643v,3/23/2020,273508.8,bank draft,6780.06
80025b,12956j,10/30/2021,375648.55,cash,7851.02
31222o,49763v,6/8/2021,331196.47,cheque,3123.81
17601s,06191m,10/1/2022,816253.49,cheque,5062.75
23444c,29086y,5/12/2020,381443.77,cheque,2975.12
71092p,84230k,1/9/2021,909196.62,card,801.91
05127k,01896p,3/16/2021,364520.99,cheque,2982.64
41705u,66799i,8/28/2022,866951.84,bank draft,9308.06
59738t,99108u,2/4/2020,299643.8,cash,5735.27
34985g,62205v,12/15/2021,259991.4,cash,5547.43
99808k,72420l,11/25/2020,415054.79,bank draft,9636.16
99668l,13474e,3/6/2021,183122.76,card,6548.77
42449l,91695t,11/11/2022,388335.81,cash,1461.36
30930a,80267q,11/20/2020,69978.69,bank draft,8013.4
44911b,56685y,11/29/2020,61126.62,card,4240.31
40179y,80130b,9/15/2021,638921.06,bank draft,8299.37
14390p,21974j,5/31/2022,716017.38,cash,8780.58
16856k,29061b,8/24/2021,209598.16,bank draft,9353.83
72133n,61167a,4/19/2020,504204.55,bank draft,9268.11
98958m,32769q,6/23/2020,907531.17,card,5189.0
09643u,07932h,11/6/2022,499498.49,card,1949.03
13531u,40192r,3/13/2021,532768.41,card,632.73
49330x,48466r,7/6/2020,557269.09,bank draft,4084.89
31194p,94952u,12/8/2022,61986.87,cheque,1627.11
77767f,99676j,5/8/2020,973501.6,bank draft,3033.42
13235b,65551f,12/2/2020,717534.97,cash,6210.53
56538h,97618f,7/25/2021,857154.52,bank transfer,9747.64
71575i,64347e,5/10/2022,132699.11,bank transfer,5780.68
59755m,00983f,5/17/2020,544378.26,cash,4583.69
96528c,36352r,8/18/2022,983540.94,card,1870.52
26116u,65403f,11/28/2022,69172.34,card,2573.37
94466p,34245b,9/13/2020,122961.24,cheque,1548.72
14009r,66059h,7/11/2020,612268.85,cash,4547.99
12713g,61286l,11/30/2022,982048.02,bank draft,7980.45
63453f,63276y,6/8/2022,957095.5,cheque,9758.45
14771e,53873d,6/6/2020,947636.62,bank draft,3471.65
30512h,17903m,8/1/2021,66384.82,cheque,6603.08
52120v,98929z,6/29/2021,100579.92,cash,4339.3
93208u,45949t,12/13/2020,239126.95,bank draft,6549.01
51220i,30637z,3/6/2020,970081.42,bank draft,1114.3
72402w,74076s,10/17/2021,678076.95,bank draft,111.09
46174t,61573c,12/4/2021,850259.74,cash,3467.38
33861q,20018s,2/20/2022,251362.92,bank draft,743.06
50138g,10135p,6/1/2022,975112.25,bank transfer,3913.21
10543x,91927n,3/1/2022,640495.19,cheque,1974.18
36992p,61123u,1/28/2020,260749.22,card,6210.98
39630j,77379h,9/2/2022,297562.32,card,8567.68
07108r,65573t,4/17/2020,131821.44,cheque,7556.99
52005p,50538g,2/13/2020,596920.99,cheque,1786.82
77173p,59644s,11/30/2021,92257.75,bank transfer,6233.53
82202u,15271c,8/8/2022,30348.63,cash,2717.28
24885n,73121x,11/13/2022,22452.96,bank transfer,8917.23
52251n,50798g,7/21/2021,268482.99,bank transfer,9650.93
52497l,89588i,4/6/2020,587960.43,cheque,3045.78
34875m,17288y,6/20/2022,620200.64,cheque,6375.7
79659p,73903h,7/27/2020,630371.66,bank draft,4905.75
33000f,41775l,7/23/2021,928839.62,bank transfer,8728.14
76225b,62664w,4/22/2021,657103.74,cheque,8286.21
23159c,35790g,4/12/2020,749490.26,cash,4013.79
21436p,56604r,10/11/2022,120098.31,card,8141.28
53809q,20692b,7/24/2021,569678.07,card,1573.59
16565p,77737b,6/13/2020,957798.2,cheque,5771.69
51207v,05174m,9/4/2020,715561.64,bank transfer,7465.46
67129z,69409p,6/3/2022,15198.74,bank transfer,8046.16
10345w,79709k,1/20/2022,674493.74,cheque,9852.3
86194u,74017z,6/21/2022,476533.47,bank transfer,7793.43
21967b,68439f,5/23/2020,469499.05,cash,1051.54
39076l,66911c,12/30/2020,307466.07,bank transfer,6266.71
44767r,25204x,10/2/2021,725697.01,cheque,4581.19
68328t,30255h,7/24/2021,348855.21,cheque,9522.4
32067h,47872m,8/5/2021,537373.28,bank draft,3900.54
06606h,83898d,6/6/2020,795191.32,cheque,2233.1
62285n,50239j,5/18/2022,923688.39,card,537.54
69647l,13340x,3/20/2020,53747.49,bank draft,5588.8
76446o,12363c,3/30/2020,355066.99,bank draft,8461.79
19104p,23915v,5/26/2020,749513.36,cash,1270.69
26678m,16620x,4/18/2021,187912.73,cheque,7758.49
33737i,00787l,7/1/2022,195877.77,bank transfer,6714.28
81645a,98179h,1/25/2020,103206.36,card,3124.88
59334m,95615a,9/3/2021,234829.94,cash,6389.29
58236p,41507q,7/22/2022,45629.93,card,1583.18
13198l,54812a,11/21/2020,998867.06,bank transfer,5922.49
31883b,50205p,12/13/2020,984148.1,cash,9850.84
94590g,63641y,7/27/2022,898504.84,bank draft,6103.81
66054m,92122n,11/27/2020,661636.6,bank transfer,2182.4
31261q,33900k,7/2/2021,718322.22,cheque,6645.48
13367n,03173n,6/30/2021,75782.62,card,3444.47
40620x,83455s,3/15/2021,466929.89,cheque,5354.53
77943e,20948r,4/20/2022,415525.28,bank transfer,9590.88
24960u,72708t,1/17/2020,5254.25,cheque,9989.7
40296f,61762k,4/30/2022,654517.5,bank draft,8395.76
66091f,48162r,7/26/2021,663477.72,cash,3902.25
16406n,49128g,5/26/2020,642222.69,cash,444.33
61553b,05507w,3/10/2020,553906.81,cheque,3576.22
31634v,20642l,1/7/2021,444218.41,cash,7665.68
53712o,46227s,12/25/2020,833154.28,cheque,8346.9
08750w,04415i,12/28/2022,86228.05,bank draft,1840.05
56168h,84709n,9/5/2022,329867.99,card,9378.55
28481e,85521d,6/1/2022,985332.8,bank draft,8647.94
20400i,89792v,10/22/2020,312097.71,bank transfer,8368.81
05599a,59466u,12/28/2022,341245.26,bank draft,4381.17
02403d,11621n,2/10/2021,834037.52,card,5064.54
05438y,13666k,6/25/2022,995558.35,card,9740.16
41739o,16879q,10/16/2022,361932.19,card,2952.03
73557v,76181a,9/17/2020,277761.48,cash,9644.33
29672p,78484v,7/3/2022,4650.93,bank draft,6616.82
18906x,49594g,4/28/2020,354313.3,bank transfer,7392.32
94403q,71415g,4/17/2022,555472.21,bank draft,4855.55
34794w,98268g,4/19/2022,464854.54,bank transfer,7993.65
14688n,65694b,8/24/2020,4842.13,bank draft,3398.38
13033h,96943q,10/2/2022,561607.18,cash,5842.95
85759m,30530g,1/21/2021,398274.83,card,5800.82
07881o,84836z,12/1/2020,302736.73,bank draft,9590.99
00583b,26870c,5/8/2022,308722.53,cheque,3614.91
33546f,54622o,4/13/2021,194483.25,cheque,5861.31
81350r,29159z,5/11/2022,879205.81,card,2242.38
15220e,89850n,7/2/2022,416771.21,cash,6144.05
48727s,29817z,3/25/2022,614743.13,cheque,9787.74
68131a,85130j,6/6/2020,149045.24,cheque,5053.65
50641x,11064g,8/14/2020,696650.28,cash,3745.61
95751p,46974p,8/3/2020,117474.14,cash,4560.27
97166l,31787o,2/28/2020,171210.39,bank draft,2716.94
41059n,99608t,5/22/2021,903091.71,cheque,4749.28
14978v,90761o,5/25/2022,808126.93,card,5621.49
91530t,73297v,6/6/2021,288649.46,bank transfer,4243.07
92609u,59422b,3/4/2020,209545.2,cheque,9941.97
55311w,42525k,4/14/2021,38839.02,card,1282.55
62346b,58464w,10/5/2021,160007.9,card,2287.54
26074f,39904h,6/8/2021,293772.37,bank draft,3951.72
23882h,58070v,1/28/2021,46243.25,cheque,1944.95
18664g,76632g,7/14/2020,806288.76,bank transfer,2310.98
56732f,12876a,12/18/2022,265566.61,cash,9521.98
99797x,65178w,11/21/2022,806789.86,cash,9536.91
86456n,54190g,11/13/2021,396385.22,cheque,8268.92
14443e,34860v,3/29/2021,903595.6,bank draft,9245.06
96034q,19251k,8/29/2022,284336.29,cheque,4073.74
21273i,64122d,5/1/2021,346942.99,cash,9386.0
88732b,96851a,3/30/2020,123525.43,cheque,4519.01
17869b,71287m,11/3/2022,135206.5,cash,6981.18
77735e,39658o,2/28/2022,351771.09,card,6600.92
31138z,51109c,5/29/2022,977969.47,bank draft,631.5
61810n,94578j,10/29/2020,696859.57,bank transfer,6801.71
49479l,70408t,5/14/2020,475490.38,cheque,9838.17
57587e,93228z,8/26/2020,278004.8,bank transfer,1942.87
53367j,03293f,2/1/2020,777135.1,bank transfer,7525.98
66597y,08422f,12/29/2022,185604.33,bank transfer,7397.9
45793e,32740s,12/9/2020,733829.76,bank draft,8632.19
20128v,09041m,1/8/2021,669971.16,cash,4731.38
13986x,47066t,5/1/2021,481869.35,bank transfer,8201.55
68226e,74297l,4/7/2022,345591.06,bank draft,5867.48
67290r,53488t,7/22/2021,606202.75,bank transfer,3964.79
17773y,08480d,3/5/2022,990095.15,cash,1968.44
96173j,35331q,6/8/2021,691726.07,cash,6694.7
17224c,45645l,4/19/2022,739169.92,bank transfer,9061.66
96696h,45162i,12/26/2022,184215.23,cash,2422.9
59014f,84486t,12/13/2021,949386.37,bank draft,8139.87
61975d,38851c,9/12/2020,761453.76,card,6060.41
60846r,51501v,1/13/2022,154868.59,bank transfer,6564.98
08215e,47402n,1/6/2022,997124.4,cash,6504.48
20042e,21341q,1/2/2022,482868.08,cheque,5854.13
49625e,74017x,8/20/2021,862381.3,cheque,6040.98
16567h,46584t,6/26/2022,32504.71,bank transfer,6344.76
22373a,06002m,12/16/2021,832400.67,bank transfer,1817.07
83507v,27345h,6/26/2021,612484.48,cheque,8468.18
39462q,06596n,3/4/2020,369163.67,card,7972.39
35511u,83892l,3/15/2020,306123.35,card,1197.52
27203h,00519i,7/13/2020,118555.73,card,319.11
51441t,70119g,12/13/2021,444721.14,bank transfer,2728.99
78456r,42362f,4/17/2022,679388.85,bank transfer,540.05
78079y,65399y,4/25/2021,584199.35,cash,4948.39
16058c,51894p,6/3/2022,985545.52,cheque,6015.99
80065d,23990t,8/20/2020,451146.45,cheque,3134.53
26037b,59101e,11/4/2022,586006.33,bank draft,3728.51
31300q,39626v,9/7/2022,679099.68,bank draft,3623.18
02426h,68863o,1/14/2020,176386.57,cheque,3276.1
42453u,65927g,11/19/2021,298183.12,card,1635.65
63313r,49571w,9/30/2020,116465.53,bank transfer,2276.5
64663t,99487u,6/2/2020,501590.4,card,2479.64
15046q,92661l,8/15/2022,764057.12,cheque,6783.37
73275f,59168x,2/17/2020,535508.55,cash,2712.31
62674p,06959n,3/16/2020,996033.4,bank transfer,6598.42
74692h,76492o,5/20/2022,495956.14,cheque,4760.44
99838s,52154n,5/25/2022,375734.9,cash,8848.36
95136c,79756k,5/13/2020,753666.37,cash,389.51
03800x,75876h,4/3/2022,5104.32,cheque,2728.07
69250a,84239m,6/29/2020,528871.92,bank transfer,2923.43
81511z,76379k,3/14/2021,36823.35,cash,4901.0
69911z,20943l,9/4/2022,639938.74,cash,1152.79
71875e,99947k,6/29/2022,653569.34,cheque,4318.19
29639o,96158f,2/23/2021,346215.3,card,6898.72
56152f,63285r,9/21/2020,671511.39,bank draft,827.19
57520r,69714u,8/4/2022,76377.38,cheque,6492.89
81166y,54175l,5/19/2021,472137.95,cash,736.73
31982c,18217d,7/30/2022,32573.21,bank draft,9581.7
07619e,40974p,5/27/2022,581989.91,card,8853.1
15541d,64119p,3/15/2020,731024.93,bank transfer,7817.49
38450f,85046r,8/3/2020,398488.15,cheque,52.18
10710p,04037q,6/16/2021,543026.82,bank transfer,577.39
54743l,17093z,12/3/2022,990661.25,card,1070.77
38495n,66857e,7/27/2022,618920.12,card,1921.42
83017k,46403w,8/2/2021,97042.36,card,3058.54
66724c,45327c,11/7/2022,692130.38,cheque,5056.73
17265t,35895e,9/13/2021,643705.92,cash,460.46
35233y,83598c,2/7/2022,236849.63,cash,481.83
34523n,23852t,8/25/2022,909475.16,bank draft,8048.41
89897f,29709a,9/14/2022,106390.47,bank draft,5761.59
77780j,29406k,9/6/2020,926147.1,bank transfer,7283.56
27137d,68740b,10/16/2020,145758.9,cheque,8352.37
39815a,60434i,12/25/2021,786981.21,cash,2863.68
65579z,99627t,6/16/2021,161493.25,cheque,8889.99
25885i,76553x,4/6/2020,973342.2,bank draft,1923.19
85404i,22305f,4/6/2022,61633.35,cheque,4036.0
49248a,83329g,9/17/2020,162326.01,cheque,8.03
69957b,47778e,11/28/2022,580663.39,card,4307.22
71170t,92698b,6/23/2021,831079.47,cheque,4026.28
01672x,93143k,11/4/2022,336764.24,bank draft,6122.52
68332z,97128n,12/3/2021,433616.91,card,7011.5
38193i,63372k,1/7/2020,797614.01,bank draft,8055.72
87350s,54198u,7/18/2020,259566.3,cash,7581.58
93186q,68699m,12/28/2022,118266.36,bank draft,1215.93
37946b,73458n,10/17/2020,817547.68,card,3982.83
46942f,67653p,6/28/2021,543659.8,bank transfer,3513.03
14977o,27436v,5/12/2021,355622.94,cash,6454.96
57462d,67387l,8/6/2020,434436.22,card,8699.97
07100l,49154w,7/27/2022,43729.99,card,3880.5
18446y,82084s,1/10/2020,856937.07,cheque,1792.32
49643z,43005w,9/10/2022,223435.93,bank draft,6386.59
38118t,61741y,6/16/2022,835826.7,card,5891.49
30649b,30928p,6/22/2020,538960.85,bank transfer,4435.64
73694q,46600t,5/4/2021,459126.66,card,2013.22
25249j,97172u,4/9/2020,868642.25,bank draft,7336.89
45282j,77386u,9/23/2021,496810.46,bank transfer,2797.91
69705d,87875d,11/30/2021,22071.75,bank draft,7748.05
79017c,40747m,6/25/2020,284416.45,card,3591.95
95397x,13327q,2/19/2020,787505.8,cash,8867.14
24819j,98510n,12/19/2022,745856.56,bank draft,7390.97
49764s,67841c,2/21/2020,465357.78,cheque,2034.04
85051o,81145c,1/22/2022,519997.04,card,8869.95
06853y,11089f,5/29/2020,72726.98,bank draft,7537.35
13427u,42356x,9/19/2022,460241.4,cheque,3195.51
86706n,64918q,7/13/2022,844763.17,cheque,429.47
63992d,88197o,3/10/2021,282447.47,bank transfer,9404.93
97033l,80811r,11/27/2020,873291.56,bank transfer,8832.8
53923o,06281j,2/28/2022,940761.89,cheque,8600.33
55271x,56005q,5/31/2021,633795.69,cash,8809.37
61278r,83683l,4/2/2021,877673.5,bank transfer,635.57
82912i,02535c,1/16/2021,496339.13,cheque,3354.45
00118f,62557r,11/9/2021,572201.52,bank transfer,6087.53
85858m,24995y,2/26/2022,603179.21,card,7482.75
66709v,83530z,2/26/2022,736934.79,cash,3433.25
36783n,10251z,7/10/2020,625071.88,bank transfer,3707.71
46661p,85388d,9/3/2021,24609.77,cheque,7068.44
73669s,52465r,4/8/2020,484623.73,bank draft,8499.54
87620j,35662a,5/25/2020,327536.16,bank draft,6121.03
88988d,84975v,12/30/2022,30173.91,cash,1911.48
02385t,69368p,7/17/2020,189522.1,cheque,2500.51
18140r,75568k,5/13/2021,39530.85,card,6148.72
99611q,65927x,6/13/2021,447708.14,cheque,2331.38
36273f,64196z,1/18/2022,891977.89,bank transfer,4268.36
69971w,31181z,4/30/2020,101892.7,cash,2530.18
49676t,50630w,1/12/2022,187220.9,cheque,3143.12
77388k,20807t,5/29/2020,562469.05,card,673.41
36420k,59167z,9/18/2022,438306.86,cash,2935.01
19323h,70400e,4/7/2020,755118.6,bank draft,3705.08
89410h,50698c,2/26/2021,299374.33,cheque,259.19
05077v,60686g,3/19/2020,76319.53,cash,4713.9
98065j,55997l,5/24/2020,283845.9,cash,4715.08
